reltime,datetime,iSensor,ibi
0.001,2024/06/13 11:30:10.5209,5,952
0.001,2024/06/13 11:30:10.5209,4,0
0.001,2024/06/13 11:30:10.5209,3,876
0.001,2024/06/13 11:30:10.5209,2,0
0.001,2024/06/13 11:30:10.5209,1,0
0.001,2024/06/13 11:30:10.5209,0,0
0.433,2024/06/13 11:30:10.9529,3,941
1.213,2024/06/13 11:30:11.7329,5,952
1.419,2024/06/13 11:30:11.9389,3,902
1.46,2024/06/13 11:30:11.9799,5,952
2.158,2024/06/13 11:30:12.6779,3,850
2.198,2024/06/13 11:30:12.7179,5,952
2.444,2024/06/13 11:30:12.9639,5,952
2.69,2024/06/13 11:30:13.2099,5,952
2.897,2024/06/13 11:30:13.4169,3,938
2.937,2024/06/13 11:30:13.4569,5,951
3.183,2024/06/13 11:30:13.7029,5,952
3.43,2024/06/13 11:30:13.9499,5,952
3.881,2024/06/13 11:30:14.4009,3,896
4.168,2024/06/13 11:30:14.6879,5,952
4.414,2024/06/13 11:30:14.9339,5,952
4.62,2024/06/13 11:30:15.1399,3,841
5.154,2024/06/13 11:30:15.6739,5,952
5.4,2024/06/13 11:30:15.9199,5,952
5.605,2024/06/13 11:30:16.1249,3,909
5.647,2024/06/13 11:30:16.1669,5,952
5.893,2024/06/13 11:30:16.4129,5,952
6.138,2024/06/13 11:30:16.6579,5,952
6.345,2024/06/13 11:30:16.8649,3,904
6.384,2024/06/13 11:30:16.9039,5,938
6.631,2024/06/13 11:30:17.1509,5,938
6.877,2024/06/13 11:30:17.3969,5,938
7.576,2024/06/13 11:30:18.0959,3,826
8.315,2024/06/13 11:30:18.8349,3,913
9.299,2024/06/13 11:30:19.8189,3,907
9.587,2024/06/13 11:30:20.1069,5,923
9.833,2024/06/13 11:30:20.3529,5,923
10.079,2024/06/13 11:30:20.5989,5,923
10.285,2024/06/13 11:30:20.8049,3,979
10.777,2024/06/13 11:30:21.2969,3,862
11.516,2024/06/13 11:30:22.0359,3,790
12.501,2024/06/13 11:30:23.0209,3,748
12.788,2024/06/13 11:30:23.3079,5,908
13.034,2024/06/13 11:30:23.5539,5,908
13.486,2024/06/13 11:30:24.0059,3,771
13.979,2024/06/13 11:30:24.4989,3,808
15.21,2024/06/13 11:30:25.7299,3,781
15.99,2024/06/13 11:30:26.5099,5,908
16.195,2024/06/13 11:30:26.7149,3,888
16.236,2024/06/13 11:30:26.7559,5,908
16.482,2024/06/13 11:30:27.0019,5,908
17.18,2024/06/13 11:30:27.6999,3,975
17.919,2024/06/13 11:30:28.4389,3,918
18.904,2024/06/13 11:30:29.4239,3,983
19.19,2024/06/13 11:30:29.7099,5,908
19.438,2024/06/13 11:30:29.9579,5,869
19.683,2024/06/13 11:30:30.2029,5,869
19.89,2024/06/13 11:30:30.4099,3,1001
20.874,2024/06/13 11:30:31.3939,3,935
21.613,2024/06/13 11:30:32.1329,3,1000
22.598,2024/06/13 11:30:33.1179,3,971
22.639,2024/06/13 11:30:33.1589,5,821
22.885,2024/06/13 11:30:33.4049,5,821
23.583,2024/06/13 11:30:34.1029,3,889
24.322,2024/06/13 11:30:34.8419,3,927
25.307,2024/06/13 11:30:35.8269,3,950
25.594,2024/06/13 11:30:36.1139,5,821
25.84,2024/06/13 11:30:36.3599,5,821
26.087,2024/06/13 11:30:36.6069,5,821
26.785,2024/06/13 11:30:37.3049,3,859
27.278,2024/06/13 11:30:37.7979,3,954
28.508,2024/06/13 11:30:39.0279,3,986
28.796,2024/06/13 11:30:39.3159,5,952
29.042,2024/06/13 11:30:39.5619,5,952
29.289,2024/06/13 11:30:39.8089,5,952
29.494,2024/06/13 11:30:40.0139,3,912
29.987,2024/06/13 11:30:40.5069,3,991
31.218,2024/06/13 11:30:41.7379,3,981
31.956,2024/06/13 11:30:42.4759,3,884
31.997,2024/06/13 11:30:42.5169,5,952
32.244,2024/06/13 11:30:42.7639,5,952
32.49,2024/06/13 11:30:43.0099,5,952
32.737,2024/06/13 11:30:43.2569,5,952
32.942,2024/06/13 11:30:43.4619,3,932
33.475,2024/06/13 11:30:43.9949,5,952
33.721,2024/06/13 11:30:44.2409,5,952
33.927,2024/06/13 11:30:44.4469,3,991
33.968,2024/06/13 11:30:44.4879,5,952
34.214,2024/06/13 11:30:44.7339,5,952
34.46,2024/06/13 11:30:44.9799,5,952
34.707,2024/06/13 11:30:45.2269,5,952
34.912,2024/06/13 11:30:45.4319,3,923
34.952,2024/06/13 11:30:45.4719,5,952
35.198,2024/06/13 11:30:45.7179,5,952
35.446,2024/06/13 11:30:45.9659,5,952
35.692,2024/06/13 11:30:46.2119,5,952
35.937,2024/06/13 11:30:46.4569,5,952
36.143,2024/06/13 11:30:46.6629,3,995
36.184,2024/06/13 11:30:46.7039,5,952
36.431,2024/06/13 11:30:46.9509,5,952
36.676,2024/06/13 11:30:47.1959,5,952
36.882,2024/06/13 11:30:47.4019,3,992
36.923,2024/06/13 11:30:47.4429,5,952
37.169,2024/06/13 11:30:47.6889,5,952
37.415,2024/06/13 11:30:47.9349,5,952
37.621,2024/06/13 11:30:48.1409,3,914
37.662,2024/06/13 11:30:48.1819,5,951
37.908,2024/06/13 11:30:48.4279,5,952
38.155,2024/06/13 11:30:48.6749,5,952
38.4,2024/06/13 11:30:48.9199,5,952
38.605,2024/06/13 11:30:49.1249,3,975
38.647,2024/06/13 11:30:49.1669,5,952
38.893,2024/06/13 11:30:49.4129,5,952
39.14,2024/06/13 11:30:49.6599,5,952
39.386,2024/06/13 11:30:49.9059,5,952
39.591,2024/06/13 11:30:50.1109,3,924
39.632,2024/06/13 11:30:50.1519,5,952
39.879,2024/06/13 11:30:50.3989,5,952
40.124,2024/06/13 11:30:50.6439,5,952
40.331,2024/06/13 11:30:50.8509,3,871
40.371,2024/06/13 11:30:50.8909,5,952
40.617,2024/06/13 11:30:51.1369,5,952
40.863,2024/06/13 11:30:51.3829,5,952
41.11,2024/06/13 11:30:51.6299,5,952
41.315,2024/06/13 11:30:51.8349,3,915
41.356,2024/06/13 11:30:51.8759,5,952
41.602,2024/06/13 11:30:52.1219,5,952
41.849,2024/06/13 11:30:52.3689,5,952
42.094,2024/06/13 11:30:52.6139,5,952
42.341,2024/06/13 11:30:52.8609,5,952
42.547,2024/06/13 11:30:53.0669,3,894
42.587,2024/06/13 11:30:53.1069,5,952
42.833,2024/06/13 11:30:53.3529,5,952
43.08,2024/06/13 11:30:53.5999,5,952
43.286,2024/06/13 11:30:53.8059,3,867
43.325,2024/06/13 11:30:53.8449,5,952
43.573,2024/06/13 11:30:54.0929,5,952
43.818,2024/06/13 11:30:54.3379,5,952
44.065,2024/06/13 11:30:54.5849,5,952
44.27,2024/06/13 11:30:54.7899,3,966
44.312,2024/06/13 11:30:54.8319,5,952
44.557,2024/06/13 11:30:55.0769,5,952
44.804,2024/06/13 11:30:55.3239,5,952
45.05,2024/06/13 11:30:55.5699,5,952
45.256,2024/06/13 11:30:55.7759,3,967
45.789,2024/06/13 11:30:56.3089,5,952
46.241,2024/06/13 11:30:56.7609,3,939
46.527,2024/06/13 11:30:57.0469,5,952
46.774,2024/06/13 11:30:57.2939,5,952
46.98,2024/06/13 11:30:57.4999,3,1011
47.02,2024/06/13 11:30:57.5399,5,952
47.267,2024/06/13 11:30:57.7869,5,952
47.513,2024/06/13 11:30:58.0329,5,952
47.759,2024/06/13 11:30:58.2789,5,952
47.964,2024/06/13 11:30:58.4839,3,953
48.006,2024/06/13 11:30:58.5259,5,952
48.252,2024/06/13 11:30:58.7719,5,952
48.498,2024/06/13 11:30:59.0179,5,952
48.744,2024/06/13 11:30:59.2639,5,952
48.949,2024/06/13 11:30:59.4689,3,942
48.99,2024/06/13 11:30:59.5099,5,952
49.237,2024/06/13 11:30:59.7569,5,952
49.482,2024/06/13 11:31:00.0019,5,952
49.935,2024/06/13 11:31:00.4549,3,965
50.221,2024/06/13 11:31:00.7409,5,952
50.468,2024/06/13 11:31:00.9879,5,952
50.673,2024/06/13 11:31:01.1929,3,869
50.714,2024/06/13 11:31:01.2339,5,952
50.96,2024/06/13 11:31:01.4799,5,952
51.207,2024/06/13 11:31:01.7269,5,952
51.453,2024/06/13 11:31:01.9729,5,952
51.658,2024/06/13 11:31:02.1779,3,886
51.699,2024/06/13 11:31:02.2189,5,952
51.945,2024/06/13 11:31:02.4649,5,952
52.192,2024/06/13 11:31:02.7119,5,952
52.438,2024/06/13 11:31:02.9579,5,952
52.643,2024/06/13 11:31:03.1629,3,914
52.684,2024/06/13 11:31:03.2039,5,952
52.93,2024/06/13 11:31:03.4499,5,952
53.177,2024/06/13 11:31:03.6969,5,952
53.423,2024/06/13 11:31:03.9429,5,952
53.628,2024/06/13 11:31:04.1479,3,854
53.67,2024/06/13 11:31:04.1899,5,952
53.916,2024/06/13 11:31:04.4359,5,952
54.162,2024/06/13 11:31:04.6819,5,951
54.367,2024/06/13 11:31:04.8869,3,962
54.409,2024/06/13 11:31:04.9289,5,952
54.654,2024/06/13 11:31:05.1739,5,952
54.901,2024/06/13 11:31:05.4209,5,952
55.147,2024/06/13 11:31:05.6669,5,952
55.352,2024/06/13 11:31:05.8719,3,1011
55.393,2024/06/13 11:31:05.9129,5,952
55.64,2024/06/13 11:31:06.1599,5,952
55.887,2024/06/13 11:31:06.4069,5,952
56.132,2024/06/13 11:31:06.6519,5,952
56.338,2024/06/13 11:31:06.8579,3,930
56.378,2024/06/13 11:31:06.8979,5,952
56.625,2024/06/13 11:31:07.1449,5,952
56.871,2024/06/13 11:31:07.3909,5,952
57.117,2024/06/13 11:31:07.6369,5,952
57.323,2024/06/13 11:31:07.8429,3,986
57.365,2024/06/13 11:31:07.8849,5,952
57.61,2024/06/13 11:31:08.1299,5,952
57.856,2024/06/13 11:31:08.3759,5,952
58.102,2024/06/13 11:31:08.6219,5,952
58.308,2024/06/13 11:31:08.8279,3,1014
58.842,2024/06/13 11:31:09.3619,5,952
59.087,2024/06/13 11:31:09.6069,5,952
59.292,2024/06/13 11:31:09.8119,3,935
59.334,2024/06/13 11:31:09.8539,5,952
59.58,2024/06/13 11:31:10.0999,5,952
59.826,2024/06/13 11:31:10.3459,5,952
60.072,2024/06/13 11:31:10.5919,5,952
60.278,2024/06/13 11:31:10.7979,3,960
60.319,2024/06/13 11:31:10.8389,5,952
60.565,2024/06/13 11:31:11.0849,5,952
60.811,2024/06/13 11:31:11.3309,5,952
61.058,2024/06/13 11:31:11.5779,5,952
61.263,2024/06/13 11:31:11.7829,3,977
61.797,2024/06/13 11:31:12.3169,5,952
62.001,2024/06/13 11:31:12.5209,3,875
62.536,2024/06/13 11:31:13.0559,5,952
62.782,2024/06/13 11:31:13.3019,5,952
62.987,2024/06/13 11:31:13.5069,3,925
63.028,2024/06/13 11:31:13.5479,5,952
63.274,2024/06/13 11:31:13.7939,5,952
63.521,2024/06/13 11:31:14.0409,5,952
63.766,2024/06/13 11:31:14.2859,5,952
63.972,2024/06/13 11:31:14.4919,3,969
64.013,2024/06/13 11:31:14.5329,5,952
64.259,2024/06/13 11:31:14.7789,5,952
64.957,2024/06/13 11:31:15.4769,3,915
64.999,2024/06/13 11:31:15.5189,5,967
65.245,2024/06/13 11:31:15.7649,5,967
65.491,2024/06/13 11:31:16.0109,5,967
65.737,2024/06/13 11:31:16.2569,5,967
65.942,2024/06/13 11:31:16.4619,3,929
65.984,2024/06/13 11:31:16.5039,5,967
66.229,2024/06/13 11:31:16.7489,5,967
66.475,2024/06/13 11:31:16.9949,5,967
66.681,2024/06/13 11:31:17.2009,3,999
66.722,2024/06/13 11:31:17.2419,5,967
66.968,2024/06/13 11:31:17.4879,5,967
67.214,2024/06/13 11:31:17.7339,5,967
67.461,2024/06/13 11:31:17.9809,5,967
67.665,2024/06/13 11:31:18.1849,3,913
67.707,2024/06/13 11:31:18.2269,5,967
67.954,2024/06/13 11:31:18.4739,5,967
68.2,2024/06/13 11:31:18.7199,5,967
68.651,2024/06/13 11:31:19.1709,3,904
68.939,2024/06/13 11:31:19.4589,5,967
69.185,2024/06/13 11:31:19.7049,5,967
69.431,2024/06/13 11:31:19.9509,5,967
69.636,2024/06/13 11:31:20.1559,3,990
69.678,2024/06/13 11:31:20.1979,5,967
69.923,2024/06/13 11:31:20.4429,5,967
70.17,2024/06/13 11:31:20.6899,5,967
70.416,2024/06/13 11:31:20.9359,5,952
70.621,2024/06/13 11:31:21.1409,3,947
70.662,2024/06/13 11:31:21.1819,5,951
70.908,2024/06/13 11:31:21.4279,5,952
71.155,2024/06/13 11:31:21.6749,5,952
71.606,2024/06/13 11:31:22.1259,3,915
71.894,2024/06/13 11:31:22.4139,5,952
72.141,2024/06/13 11:31:22.6609,5,952
72.386,2024/06/13 11:31:22.9059,5,952
72.592,2024/06/13 11:31:23.1119,3,994
72.633,2024/06/13 11:31:23.1529,5,952
72.879,2024/06/13 11:31:23.3989,5,952
73.125,2024/06/13 11:31:23.6449,5,952
73.372,2024/06/13 11:31:23.8919,5,952
73.577,2024/06/13 11:31:24.0969,3,990
73.618,2024/06/13 11:31:24.1379,5,952
73.864,2024/06/13 11:31:24.3839,5,952
74.111,2024/06/13 11:31:24.6309,5,952
74.356,2024/06/13 11:31:24.8759,5,952
74.561,2024/06/13 11:31:25.0809,3,936
74.603,2024/06/13 11:31:25.1229,5,952
74.849,2024/06/13 11:31:25.3689,5,952
75.095,2024/06/13 11:31:25.6149,5,952
75.342,2024/06/13 11:31:25.8619,5,952
75.546,2024/06/13 11:31:26.0659,3,1002
75.588,2024/06/13 11:31:26.1079,5,952
75.835,2024/06/13 11:31:26.3549,5,952
76.08,2024/06/13 11:31:26.5999,5,952
76.327,2024/06/13 11:31:26.8469,5,952
76.573,2024/06/13 11:31:27.0929,5,952
76.778,2024/06/13 11:31:27.2979,3,1017
76.819,2024/06/13 11:31:27.3389,5,952
77.066,2024/06/13 11:31:27.5859,5,952
77.517,2024/06/13 11:31:28.0369,3,935
77.804,2024/06/13 11:31:28.3239,5,952
78.051,2024/06/13 11:31:28.5709,5,952
78.256,2024/06/13 11:31:28.7759,3,961
78.297,2024/06/13 11:31:28.8169,5,952
78.543,2024/06/13 11:31:29.0629,5,952
78.79,2024/06/13 11:31:29.3099,5,952
79.036,2024/06/13 11:31:29.5559,5,952
79.241,2024/06/13 11:31:29.7609,3,987
79.282,2024/06/13 11:31:29.8019,5,952
79.529,2024/06/13 11:31:30.0489,5,967
79.774,2024/06/13 11:31:30.2939,5,967
80.022,2024/06/13 11:31:30.5419,5,967
80.226,2024/06/13 11:31:30.7459,3,895
80.267,2024/06/13 11:31:30.7869,5,967
80.514,2024/06/13 11:31:31.0339,5,967
80.76,2024/06/13 11:31:31.2799,5,967
81.006,2024/06/13 11:31:31.5259,5,967
81.21,2024/06/13 11:31:31.7299,3,935
81.252,2024/06/13 11:31:31.7719,5,967
81.498,2024/06/13 11:31:32.0179,5,967
81.745,2024/06/13 11:31:32.2649,5,967
81.95,2024/06/13 11:31:32.4699,3,955
81.991,2024/06/13 11:31:32.5109,5,967
82.238,2024/06/13 11:31:32.7579,5,967
82.484,2024/06/13 11:31:33.0039,5,967
82.73,2024/06/13 11:31:33.2499,5,967
82.935,2024/06/13 11:31:33.4549,3,865
82.976,2024/06/13 11:31:33.4959,5,967
83.223,2024/06/13 11:31:33.7429,5,967
83.469,2024/06/13 11:31:33.9889,5,967
83.715,2024/06/13 11:31:34.2349,5,967
83.92,2024/06/13 11:31:34.4399,3,944
83.962,2024/06/13 11:31:34.4819,5,967
84.208,2024/06/13 11:31:34.7279,5,967
84.454,2024/06/13 11:31:34.9739,5,967
84.7,2024/06/13 11:31:35.2199,5,967
84.905,2024/06/13 11:31:35.4249,3,991
84.947,2024/06/13 11:31:35.4669,5,967
85.193,2024/06/13 11:31:35.7129,5,967
85.439,2024/06/13 11:31:35.9589,5,967
85.686,2024/06/13 11:31:36.2059,5,967
85.89,2024/06/13 11:31:36.4099,3,922
85.931,2024/06/13 11:31:36.4509,5,967
86.178,2024/06/13 11:31:36.6979,5,967
86.424,2024/06/13 11:31:36.9439,5,967
86.671,2024/06/13 11:31:37.1909,5,967
86.917,2024/06/13 11:31:37.4369,5,966
87.163,2024/06/13 11:31:37.6829,5,967
87.367,2024/06/13 11:31:37.8869,3,995
87.86,2024/06/13 11:31:38.3799,3,1014
87.902,2024/06/13 11:31:38.4219,5,967
88.641,2024/06/13 11:31:39.1609,5,952
88.846,2024/06/13 11:31:39.3659,3,918
88.887,2024/06/13 11:31:39.4069,5,952
89.134,2024/06/13 11:31:39.6539,5,952
89.379,2024/06/13 11:31:39.8989,5,952
89.625,2024/06/13 11:31:40.1449,5,952
89.831,2024/06/13 11:31:40.3509,3,955
89.872,2024/06/13 11:31:40.3919,5,952
90.118,2024/06/13 11:31:40.6379,5,952
90.365,2024/06/13 11:31:40.8849,5,952
90.57,2024/06/13 11:31:41.0899,3,978
90.611,2024/06/13 11:31:41.1309,5,952
90.858,2024/06/13 11:31:41.3779,5,952
91.103,2024/06/13 11:31:41.6229,5,952
91.35,2024/06/13 11:31:41.8699,5,952
91.554,2024/06/13 11:31:42.0739,3,903
91.596,2024/06/13 11:31:42.1159,5,952
91.842,2024/06/13 11:31:42.3619,5,952
92.088,2024/06/13 11:31:42.6079,5,952
92.335,2024/06/13 11:31:42.8549,5,952
92.539,2024/06/13 11:31:43.0589,3,960
92.581,2024/06/13 11:31:43.1009,5,952
92.827,2024/06/13 11:31:43.3469,5,952
93.073,2024/06/13 11:31:43.5929,5,952
93.279,2024/06/13 11:31:43.7989,3,942
93.32,2024/06/13 11:31:43.8399,5,952
93.567,2024/06/13 11:31:44.0869,5,952
93.813,2024/06/13 11:31:44.3329,5,952
94.017,2024/06/13 11:31:44.5369,3,846
94.059,2024/06/13 11:31:44.5789,5,952
94.305,2024/06/13 11:31:44.8249,5,952
94.551,2024/06/13 11:31:45.0709,5,967
94.797,2024/06/13 11:31:45.3169,5,967
95.002,2024/06/13 11:31:45.5219,3,798
95.044,2024/06/13 11:31:45.5639,5,967
95.29,2024/06/13 11:31:45.8099,5,967
95.536,2024/06/13 11:31:46.0559,5,967
95.741,2024/06/13 11:31:46.2609,3,774
95.783,2024/06/13 11:31:46.3029,5,967
96.029,2024/06/13 11:31:46.5489,5,967
96.276,2024/06/13 11:31:46.7959,5,967
96.48,2024/06/13 11:31:46.9999,3,852
96.522,2024/06/13 11:31:47.0419,5,967
96.767,2024/06/13 11:31:47.2869,5,967
97.014,2024/06/13 11:31:47.5339,5,967
97.26,2024/06/13 11:31:47.7799,5,967
97.465,2024/06/13 11:31:47.9849,3,864
97.506,2024/06/13 11:31:48.0259,5,967
97.753,2024/06/13 11:31:48.2729,5,967
97.999,2024/06/13 11:31:48.5189,5,967
98.246,2024/06/13 11:31:48.7659,5,967
98.45,2024/06/13 11:31:48.9699,3,800
98.985,2024/06/13 11:31:49.5049,5,967
99.189,2024/06/13 11:31:49.7089,3,865
99.231,2024/06/13 11:31:49.7509,5,967
99.477,2024/06/13 11:31:49.9969,5,967
99.724,2024/06/13 11:31:50.2439,5,967
99.97,2024/06/13 11:31:50.4899,5,967
100.215,2024/06/13 11:31:50.7349,5,967
100.421,2024/06/13 11:31:50.9409,3,956
100.462,2024/06/13 11:31:50.9819,5,967
100.708,2024/06/13 11:31:51.2279,5,967
100.954,2024/06/13 11:31:51.4739,5,967
101.159,2024/06/13 11:31:51.6789,3,883
101.201,2024/06/13 11:31:51.7209,5,967
101.447,2024/06/13 11:31:51.9669,5,967
101.693,2024/06/13 11:31:52.2129,5,967
101.94,2024/06/13 11:31:52.4599,5,967
102.144,2024/06/13 11:31:52.6639,3,931
102.186,2024/06/13 11:31:52.7059,5,967
102.432,2024/06/13 11:31:52.9519,5,967
102.679,2024/06/13 11:31:53.1989,5,967
102.883,2024/06/13 11:31:53.4029,3,949
102.925,2024/06/13 11:31:53.4449,5,967
103.171,2024/06/13 11:31:53.6909,5,967
103.868,2024/06/13 11:31:54.3879,3,848
103.91,2024/06/13 11:31:54.4299,5,938
104.156,2024/06/13 11:31:54.6759,5,938
104.402,2024/06/13 11:31:54.9219,5,938
104.607,2024/06/13 11:31:55.1269,3,889
104.649,2024/06/13 11:31:55.1689,5,938
104.897,2024/06/13 11:31:55.4169,5,938
105.141,2024/06/13 11:31:55.6609,5,938
105.388,2024/06/13 11:31:55.9079,5,923
105.592,2024/06/13 11:31:56.1119,3,929
105.634,2024/06/13 11:31:56.1539,5,923
105.88,2024/06/13 11:31:56.3999,5,923
106.126,2024/06/13 11:31:56.6459,5,923
106.373,2024/06/13 11:31:56.8929,5,923
106.577,2024/06/13 11:31:57.0969,3,850
106.618,2024/06/13 11:31:57.1379,5,923
106.865,2024/06/13 11:31:57.3849,5,923
107.111,2024/06/13 11:31:57.6309,5,923
107.317,2024/06/13 11:31:57.8369,3,916
107.357,2024/06/13 11:31:57.8769,5,923
107.604,2024/06/13 11:31:58.1239,5,923
107.851,2024/06/13 11:31:58.3709,5,923
108.096,2024/06/13 11:31:58.6159,5,923
108.301,2024/06/13 11:31:58.8209,3,931
108.343,2024/06/13 11:31:58.8629,5,923
108.588,2024/06/13 11:31:59.1079,5,923
108.835,2024/06/13 11:31:59.3549,5,923
109.082,2024/06/13 11:31:59.6019,5,923
109.286,2024/06/13 11:31:59.8059,3,870
109.328,2024/06/13 11:31:59.8479,5,923
109.574,2024/06/13 11:32:00.0939,5,923
109.82,2024/06/13 11:32:00.3399,5,923
110.066,2024/06/13 11:32:00.5859,5,923
110.271,2024/06/13 11:32:00.7909,3,938
110.313,2024/06/13 11:32:00.8329,5,923
110.559,2024/06/13 11:32:01.0789,5,923
110.806,2024/06/13 11:32:01.3259,5,923
111.052,2024/06/13 11:32:01.5719,5,923
111.256,2024/06/13 11:32:01.7759,3,946
111.298,2024/06/13 11:32:01.8179,5,923
111.544,2024/06/13 11:32:02.0639,5,923
111.79,2024/06/13 11:32:02.3099,5,923
111.995,2024/06/13 11:32:02.5149,3,927
112.037,2024/06/13 11:32:02.5569,5,923
112.284,2024/06/13 11:32:02.8039,5,923
112.98,2024/06/13 11:32:03.4999,3,979
113.022,2024/06/13 11:32:03.5419,5,923
113.268,2024/06/13 11:32:03.7879,5,923
113.514,2024/06/13 11:32:04.0339,5,923
113.761,2024/06/13 11:32:04.2809,5,923
113.965,2024/06/13 11:32:04.4849,3,937
114.007,2024/06/13 11:32:04.5269,5,923
114.253,2024/06/13 11:32:04.7729,5,923
114.5,2024/06/13 11:32:05.0199,5,923
114.745,2024/06/13 11:32:05.2649,5,923
114.95,2024/06/13 11:32:05.4699,3,938
114.992,2024/06/13 11:32:05.5119,5,923
115.238,2024/06/13 11:32:05.7579,5,923
115.485,2024/06/13 11:32:06.0049,5,923
115.689,2024/06/13 11:32:06.2089,3,955
116.223,2024/06/13 11:32:06.7429,5,923
116.47,2024/06/13 11:32:06.9899,5,923
116.674,2024/06/13 11:32:07.1939,3,891
116.716,2024/06/13 11:32:07.2359,5,923
116.962,2024/06/13 11:32:07.4819,5,923
117.208,2024/06/13 11:32:07.7279,5,923
117.455,2024/06/13 11:32:07.9749,5,938
117.66,2024/06/13 11:32:08.1799,3,921
117.701,2024/06/13 11:32:08.2209,5,938
117.948,2024/06/13 11:32:08.4679,5,938
118.194,2024/06/13 11:32:08.7139,5,938
118.44,2024/06/13 11:32:08.9599,5,938
118.644,2024/06/13 11:32:09.1639,3,975
118.686,2024/06/13 11:32:09.2059,5,938
118.932,2024/06/13 11:32:09.4519,5,938
119.178,2024/06/13 11:32:09.6979,5,938
119.425,2024/06/13 11:32:09.9449,5,938
119.629,2024/06/13 11:32:10.1489,3,934
119.671,2024/06/13 11:32:10.1909,5,938
119.918,2024/06/13 11:32:10.4379,5,938
120.164,2024/06/13 11:32:10.6839,5,938
120.41,2024/06/13 11:32:10.9299,5,937
120.614,2024/06/13 11:32:11.1339,3,970
120.656,2024/06/13 11:32:11.1759,5,938
120.903,2024/06/13 11:32:11.4229,5,938
121.149,2024/06/13 11:32:11.6689,5,938
121.396,2024/06/13 11:32:11.9159,5,938
121.641,2024/06/13 11:32:12.1609,5,938
121.846,2024/06/13 11:32:12.3659,3,1030
121.888,2024/06/13 11:32:12.4079,5,938
122.134,2024/06/13 11:32:12.6539,5,938
122.38,2024/06/13 11:32:12.8999,5,938
122.585,2024/06/13 11:32:13.1049,3,963
122.627,2024/06/13 11:32:13.1469,5,938
122.873,2024/06/13 11:32:13.3929,5,938
123.119,2024/06/13 11:32:13.6389,5,938
123.365,2024/06/13 11:32:13.8849,5,952
123.57,2024/06/13 11:32:14.0899,3,965
123.612,2024/06/13 11:32:14.1319,5,952
123.858,2024/06/13 11:32:14.3779,5,952
124.105,2024/06/13 11:32:14.6249,5,952
124.351,2024/06/13 11:32:14.8709,5,952
124.554,2024/06/13 11:32:15.0739,3,1035
124.597,2024/06/13 11:32:15.1169,5,952
124.844,2024/06/13 11:32:15.3639,5,952
125.089,2024/06/13 11:32:15.6089,5,952
125.336,2024/06/13 11:32:15.8559,5,952
125.54,2024/06/13 11:32:16.0599,3,943
125.581,2024/06/13 11:32:16.1009,5,952
125.828,2024/06/13 11:32:16.3479,5,952
126.074,2024/06/13 11:32:16.5939,5,952
126.32,2024/06/13 11:32:16.8399,5,952
126.525,2024/06/13 11:32:17.0449,3,937
126.567,2024/06/13 11:32:17.0869,5,952
126.813,2024/06/13 11:32:17.3329,5,952
127.06,2024/06/13 11:32:17.5799,5,952
127.51,2024/06/13 11:32:18.0299,3,1033
127.799,2024/06/13 11:32:18.3189,5,967
128.045,2024/06/13 11:32:18.5649,5,967
128.291,2024/06/13 11:32:18.8109,5,967
128.537,2024/06/13 11:32:19.0569,5,967
128.742,2024/06/13 11:32:19.2619,3,1019
128.784,2024/06/13 11:32:19.3039,5,967
129.03,2024/06/13 11:32:19.5499,5,967
129.276,2024/06/13 11:32:19.7959,5,967
129.48,2024/06/13 11:32:19.9999,3,972
129.522,2024/06/13 11:32:20.0419,5,967
129.769,2024/06/13 11:32:20.2889,5,967
130.015,2024/06/13 11:32:20.5349,5,967
130.261,2024/06/13 11:32:20.7809,5,967
130.466,2024/06/13 11:32:20.9859,3,999
130.507,2024/06/13 11:32:21.0269,5,983
130.753,2024/06/13 11:32:21.2729,5,983
131.0,2024/06/13 11:32:21.5199,5,983
131.204,2024/06/13 11:32:21.7239,3,944
131.247,2024/06/13 11:32:21.7669,5,983
131.493,2024/06/13 11:32:22.0129,5,983
131.738,2024/06/13 11:32:22.2579,5,983
131.985,2024/06/13 11:32:22.5049,5,983
132.232,2024/06/13 11:32:22.7519,5,983
132.436,2024/06/13 11:32:22.9559,3,868
132.477,2024/06/13 11:32:22.9969,5,1000
132.724,2024/06/13 11:32:23.2439,5,1000
132.971,2024/06/13 11:32:23.4909,5,1000
133.174,2024/06/13 11:32:23.6939,3,927
133.217,2024/06/13 11:32:23.7369,5,1000
133.463,2024/06/13 11:32:23.9829,5,1000
133.709,2024/06/13 11:32:24.2289,5,1000
133.956,2024/06/13 11:32:24.4759,5,1000
134.159,2024/06/13 11:32:24.6789,3,920
134.202,2024/06/13 11:32:24.7219,5,1000
134.448,2024/06/13 11:32:24.9679,5,1000
134.694,2024/06/13 11:32:25.2139,5,1000
134.94,2024/06/13 11:32:25.4599,5,1000
135.144,2024/06/13 11:32:25.6639,3,901
135.187,2024/06/13 11:32:25.7069,5,1000
135.433,2024/06/13 11:32:25.9529,5,1000
135.679,2024/06/13 11:32:26.1989,5,1000
135.926,2024/06/13 11:32:26.4459,5,1000
136.172,2024/06/13 11:32:26.6919,5,1000
136.376,2024/06/13 11:32:26.8959,3,1026
136.418,2024/06/13 11:32:26.9379,5,1000
136.665,2024/06/13 11:32:27.1849,5,999
136.911,2024/06/13 11:32:27.4309,5,1000
137.361,2024/06/13 11:32:27.8809,3,1073
137.65,2024/06/13 11:32:28.1699,5,1000
137.896,2024/06/13 11:32:28.4159,5,1000
138.142,2024/06/13 11:32:28.6619,5,1000
138.346,2024/06/13 11:32:28.8659,3,1059
138.388,2024/06/13 11:32:28.9079,5,983
138.634,2024/06/13 11:32:29.1539,5,983
138.881,2024/06/13 11:32:29.4009,5,983
139.127,2024/06/13 11:32:29.6469,5,983
139.331,2024/06/13 11:32:29.8509,3,1093
139.374,2024/06/13 11:32:29.8939,5,952
139.619,2024/06/13 11:32:30.1389,5,952
139.866,2024/06/13 11:32:30.3859,5,952
140.112,2024/06/13 11:32:30.6319,5,952
140.317,2024/06/13 11:32:30.8369,3,1034
141.301,2024/06/13 11:32:31.8209,3,1005
141.343,2024/06/13 11:32:31.8629,5,952
141.59,2024/06/13 11:32:32.1099,5,952
141.836,2024/06/13 11:32:32.3559,5,952
142.082,2024/06/13 11:32:32.6019,5,952
142.287,2024/06/13 11:32:32.8069,3,994
142.329,2024/06/13 11:32:32.8489,5,952
142.575,2024/06/13 11:32:33.0949,5,952
142.821,2024/06/13 11:32:33.3409,5,952
143.025,2024/06/13 11:32:33.5449,3,871
143.067,2024/06/13 11:32:33.5869,5,952
143.807,2024/06/13 11:32:34.3269,5,952
144.01,2024/06/13 11:32:34.5299,3,890
144.053,2024/06/13 11:32:34.5729,5,952
144.299,2024/06/13 11:32:34.8189,5,952
144.545,2024/06/13 11:32:35.0649,5,952
144.792,2024/06/13 11:32:35.3119,5,952
144.995,2024/06/13 11:32:35.5149,3,927
145.038,2024/06/13 11:32:35.5579,5,952
145.284,2024/06/13 11:32:35.8039,5,952
145.531,2024/06/13 11:32:36.0509,5,923
145.776,2024/06/13 11:32:36.2959,5,923
145.981,2024/06/13 11:32:36.5009,3,919
146.023,2024/06/13 11:32:36.5429,5,923
146.761,2024/06/13 11:32:37.2809,5,923
146.965,2024/06/13 11:32:37.4849,3,894
147.008,2024/06/13 11:32:37.5279,5,923
147.254,2024/06/13 11:32:37.7739,5,923
147.5,2024/06/13 11:32:38.0199,5,923
147.951,2024/06/13 11:32:38.4709,3,993
148.239,2024/06/13 11:32:38.7589,5,923
148.485,2024/06/13 11:32:39.0049,5,923
148.732,2024/06/13 11:32:39.2519,5,923
148.936,2024/06/13 11:32:39.4559,3,1006
148.978,2024/06/13 11:32:39.4979,5,923
149.225,2024/06/13 11:32:39.7449,5,923
149.471,2024/06/13 11:32:39.9909,5,923
149.717,2024/06/13 11:32:40.2369,5,923
149.921,2024/06/13 11:32:40.4409,3,1023
149.963,2024/06/13 11:32:40.4829,5,923
150.209,2024/06/13 11:32:40.7289,5,923
150.456,2024/06/13 11:32:40.9759,5,923
150.906,2024/06/13 11:32:41.4259,3,1081
151.194,2024/06/13 11:32:41.7139,5,923
151.441,2024/06/13 11:32:41.9609,5,938
151.687,2024/06/13 11:32:42.2069,5,938
151.891,2024/06/13 11:32:42.4109,3,1018
151.934,2024/06/13 11:32:42.4539,5,938
152.18,2024/06/13 11:32:42.6999,5,938
152.426,2024/06/13 11:32:42.9459,5,938
152.673,2024/06/13 11:32:43.1929,5,938
152.876,2024/06/13 11:32:43.3959,3,928
152.918,2024/06/13 11:32:43.4379,5,938
153.165,2024/06/13 11:32:43.6849,5,938
153.862,2024/06/13 11:32:44.3819,3,995
153.903,2024/06/13 11:32:44.4229,5,938
154.15,2024/06/13 11:32:44.6699,5,938
154.397,2024/06/13 11:32:44.9169,5,938
154.643,2024/06/13 11:32:45.1629,5,938
154.846,2024/06/13 11:32:45.3659,3,953
154.889,2024/06/13 11:32:45.4089,5,938
155.135,2024/06/13 11:32:45.6549,5,938
155.381,2024/06/13 11:32:45.9009,5,938
155.628,2024/06/13 11:32:46.1479,5,938
155.832,2024/06/13 11:32:46.3519,3,876
155.873,2024/06/13 11:32:46.3929,5,938
156.121,2024/06/13 11:32:46.6409,5,938
156.366,2024/06/13 11:32:46.8859,5,938
156.57,2024/06/13 11:32:47.0899,3,967
156.612,2024/06/13 11:32:47.1319,5,938
157.555,2024/06/13 11:32:48.0749,3,997
157.598,2024/06/13 11:32:48.1179,5,1000
157.844,2024/06/13 11:32:48.3639,5,1000
158.091,2024/06/13 11:32:48.6109,5,1000
158.336,2024/06/13 11:32:48.8559,5,1000
158.583,2024/06/13 11:32:49.1029,5,1000
158.786,2024/06/13 11:32:49.3059,3,917
158.829,2024/06/13 11:32:49.3489,5,1000
159.076,2024/06/13 11:32:49.5959,5,1000
159.321,2024/06/13 11:32:49.8409,5,1000
159.526,2024/06/13 11:32:50.0459,3,985
159.569,2024/06/13 11:32:50.0889,5,1000
159.814,2024/06/13 11:32:50.3339,5,1000
160.061,2024/06/13 11:32:50.5809,5,1000
160.306,2024/06/13 11:32:50.8259,5,1000
160.553,2024/06/13 11:32:51.0729,5,983
160.757,2024/06/13 11:32:51.2769,3,1044
160.799,2024/06/13 11:32:51.3189,5,983
161.046,2024/06/13 11:32:51.5659,5,983
161.292,2024/06/13 11:32:51.8119,5,983
161.538,2024/06/13 11:32:52.0579,5,983
161.742,2024/06/13 11:32:52.2619,3,966
161.784,2024/06/13 11:32:52.3039,5,983
162.031,2024/06/13 11:32:52.5509,5,983
162.277,2024/06/13 11:32:52.7969,5,983
162.481,2024/06/13 11:32:53.0009,3,1022
163.466,2024/06/13 11:32:53.9859,3,980
163.509,2024/06/13 11:32:54.0289,5,983
163.755,2024/06/13 11:32:54.2749,5,983
164.001,2024/06/13 11:32:54.5209,5,983
164.248,2024/06/13 11:32:54.7679,5,983
164.451,2024/06/13 11:32:54.9709,3,904
164.494,2024/06/13 11:32:55.0139,5,983
164.74,2024/06/13 11:32:55.2599,5,983
164.986,2024/06/13 11:32:55.5059,5,983
165.436,2024/06/13 11:32:55.9559,3,926
165.725,2024/06/13 11:32:56.2449,5,983
165.971,2024/06/13 11:32:56.4909,5,983
166.175,2024/06/13 11:32:56.6949,3,976
166.218,2024/06/13 11:32:56.7379,5,983
166.464,2024/06/13 11:32:56.9839,5,967
167.16,2024/06/13 11:32:57.6799,3,893
167.203,2024/06/13 11:32:57.7229,5,967
167.942,2024/06/13 11:32:58.4619,5,967
168.145,2024/06/13 11:32:58.6649,3,931
168.188,2024/06/13 11:32:58.7079,5,967
168.433,2024/06/13 11:32:58.9529,5,983
168.68,2024/06/13 11:32:59.1999,5,983
168.927,2024/06/13 11:32:59.4469,5,983
169.13,2024/06/13 11:32:59.6499,3,952
169.173,2024/06/13 11:32:59.6929,5,983
169.912,2024/06/13 11:33:00.4319,5,983
170.116,2024/06/13 11:33:00.6359,3,912
170.158,2024/06/13 11:33:00.6779,5,983
170.404,2024/06/13 11:33:00.9239,5,1000
170.651,2024/06/13 11:33:01.1709,5,1000
170.896,2024/06/13 11:33:01.4159,5,1000
171.1,2024/06/13 11:33:01.6199,3,972
171.143,2024/06/13 11:33:01.6629,5,1000
171.39,2024/06/13 11:33:01.9099,5,983
171.636,2024/06/13 11:33:02.1559,5,983
171.882,2024/06/13 11:33:02.4019,5,983
172.085,2024/06/13 11:33:02.6049,3,988
172.128,2024/06/13 11:33:02.6479,5,983
172.866,2024/06/13 11:33:03.3859,5,983
173.07,2024/06/13 11:33:03.5899,3,921
173.113,2024/06/13 11:33:03.6329,5,983
173.359,2024/06/13 11:33:03.8789,5,983
173.606,2024/06/13 11:33:04.1259,5,983
173.852,2024/06/13 11:33:04.3719,5,983
174.056,2024/06/13 11:33:04.5759,3,987
174.099,2024/06/13 11:33:04.6189,5,983
174.344,2024/06/13 11:33:04.8639,5,983
174.591,2024/06/13 11:33:05.1109,5,967
174.794,2024/06/13 11:33:05.3139,3,983
174.837,2024/06/13 11:33:05.3569,5,967
175.084,2024/06/13 11:33:05.6039,5,967
175.779,2024/06/13 11:33:06.2989,3,896
175.822,2024/06/13 11:33:06.3419,5,967
176.518,2024/06/13 11:33:07.0379,3,942
176.808,2024/06/13 11:33:07.3279,5,967
177.054,2024/06/13 11:33:07.5739,5,967
177.3,2024/06/13 11:33:07.8199,5,967
177.503,2024/06/13 11:33:08.0229,3,903
177.546,2024/06/13 11:33:08.0659,5,967
177.792,2024/06/13 11:33:08.3119,5,967
178.038,2024/06/13 11:33:08.5579,5,967
178.285,2024/06/13 11:33:08.8049,5,967
178.488,2024/06/13 11:33:09.0079,3,884
178.531,2024/06/13 11:33:09.0509,5,967
178.778,2024/06/13 11:33:09.2979,5,967
179.024,2024/06/13 11:33:09.5439,5,967
179.27,2024/06/13 11:33:09.7899,5,967
179.474,2024/06/13 11:33:09.9939,3,952
179.516,2024/06/13 11:33:10.0359,5,967
179.763,2024/06/13 11:33:10.2829,5,967
180.009,2024/06/13 11:33:10.5289,5,967
180.255,2024/06/13 11:33:10.7749,5,967
180.458,2024/06/13 11:33:10.9779,3,992
180.502,2024/06/13 11:33:11.0219,5,967
180.748,2024/06/13 11:33:11.2679,5,967
180.995,2024/06/13 11:33:11.5149,5,967
181.241,2024/06/13 11:33:11.7609,5,967
181.443,2024/06/13 11:33:11.9629,3,924
181.486,2024/06/13 11:33:12.0059,5,967
182.226,2024/06/13 11:33:12.7459,5,967
182.429,2024/06/13 11:33:12.9489,3,968
182.472,2024/06/13 11:33:12.9919,5,967
182.718,2024/06/13 11:33:13.2379,5,967
182.964,2024/06/13 11:33:13.4839,5,967
183.21,2024/06/13 11:33:13.7299,5,967
183.414,2024/06/13 11:33:13.9339,3,964
183.458,2024/06/13 11:33:13.9779,5,967
183.703,2024/06/13 11:33:14.2229,5,967
183.949,2024/06/13 11:33:14.4689,5,967
184.195,2024/06/13 11:33:14.7149,5,967
184.398,2024/06/13 11:33:14.9179,3,900
184.442,2024/06/13 11:33:14.9619,5,952
184.688,2024/06/13 11:33:15.2079,5,952
184.935,2024/06/13 11:33:15.4549,5,952
185.138,2024/06/13 11:33:15.6579,3,966
185.181,2024/06/13 11:33:15.7009,5,952
185.921,2024/06/13 11:33:16.4409,5,952
186.123,2024/06/13 11:33:16.6429,3,1013
186.166,2024/06/13 11:33:16.6859,5,952
186.412,2024/06/13 11:33:16.9319,5,952
186.658,2024/06/13 11:33:17.1779,5,952
186.904,2024/06/13 11:33:17.4239,5,952
187.108,2024/06/13 11:33:17.6279,3,939
187.151,2024/06/13 11:33:17.6709,5,952
187.397,2024/06/13 11:33:17.9169,5,952
187.643,2024/06/13 11:33:18.1629,5,952
187.89,2024/06/13 11:33:18.4099,5,952
188.093,2024/06/13 11:33:18.6129,3,948
188.136,2024/06/13 11:33:18.6559,5,952
188.382,2024/06/13 11:33:18.9019,5,952
188.628,2024/06/13 11:33:19.1479,5,952
188.832,2024/06/13 11:33:19.3519,3,930
188.874,2024/06/13 11:33:19.3939,5,952
189.121,2024/06/13 11:33:19.6409,5,952
189.367,2024/06/13 11:33:19.8869,5,952
189.614,2024/06/13 11:33:20.1339,5,952
189.817,2024/06/13 11:33:20.3369,3,904
189.86,2024/06/13 11:33:20.3799,5,952
190.107,2024/06/13 11:33:20.6269,5,952
190.353,2024/06/13 11:33:20.8729,5,952
190.555,2024/06/13 11:33:21.0749,3,869
190.599,2024/06/13 11:33:21.1189,5,952
190.845,2024/06/13 11:33:21.3649,5,952
191.091,2024/06/13 11:33:21.6109,5,952
191.541,2024/06/13 11:33:22.0609,3,827
191.83,2024/06/13 11:33:22.3499,5,952
192.279,2024/06/13 11:33:22.7989,3,931
192.569,2024/06/13 11:33:23.0889,5,952
192.815,2024/06/13 11:33:23.3349,5,952
193.018,2024/06/13 11:33:23.5379,3,890
193.062,2024/06/13 11:33:23.5819,5,952
193.307,2024/06/13 11:33:23.8269,5,952
193.554,2024/06/13 11:33:24.0739,5,952
193.801,2024/06/13 11:33:24.3209,5,952
194.004,2024/06/13 11:33:24.5239,3,794
194.046,2024/06/13 11:33:24.5659,5,952
194.293,2024/06/13 11:33:24.8129,5,952
194.539,2024/06/13 11:33:25.0589,5,952
194.786,2024/06/13 11:33:25.3059,5,952
195.235,2024/06/13 11:33:25.7549,3,780
195.524,2024/06/13 11:33:26.0439,5,952
195.771,2024/06/13 11:33:26.2909,5,952
195.974,2024/06/13 11:33:26.4939,3,927
196.017,2024/06/13 11:33:26.5369,5,952
196.263,2024/06/13 11:33:26.7829,5,952
196.509,2024/06/13 11:33:27.0289,5,952
196.712,2024/06/13 11:33:27.2319,3,959
196.756,2024/06/13 11:33:27.2759,5,952
197.494,2024/06/13 11:33:28.0139,5,952
197.697,2024/06/13 11:33:28.2169,3,879
197.74,2024/06/13 11:33:28.2599,5,952
197.987,2024/06/13 11:33:28.5069,5,952
198.233,2024/06/13 11:33:28.7529,5,952
198.479,2024/06/13 11:33:28.9989,5,952
198.683,2024/06/13 11:33:29.2029,3,948
198.725,2024/06/13 11:33:29.2449,5,952
198.972,2024/06/13 11:33:29.4919,5,952
199.219,2024/06/13 11:33:29.7389,5,952
199.421,2024/06/13 11:33:29.9409,3,960
199.464,2024/06/13 11:33:29.9839,5,952
199.71,2024/06/13 11:33:30.2299,5,952
199.957,2024/06/13 11:33:30.4769,5,952
200.203,2024/06/13 11:33:30.7229,5,952
200.406,2024/06/13 11:33:30.9259,3,859
200.45,2024/06/13 11:33:30.9699,5,952
201.188,2024/06/13 11:33:31.7079,5,952
201.392,2024/06/13 11:33:31.9119,3,899
201.927,2024/06/13 11:33:32.4469,5,952
202.131,2024/06/13 11:33:32.6509,3,914
202.174,2024/06/13 11:33:32.6939,5,952
202.42,2024/06/13 11:33:32.9399,5,907
202.666,2024/06/13 11:33:33.1859,5,908
202.912,2024/06/13 11:33:33.4319,5,908
203.115,2024/06/13 11:33:33.6349,3,844
203.158,2024/06/13 11:33:33.6779,5,908
203.405,2024/06/13 11:33:33.9249,5,908
203.652,2024/06/13 11:33:34.1719,5,908
203.854,2024/06/13 11:33:34.3739,3,897
203.898,2024/06/13 11:33:34.4179,5,908
204.143,2024/06/13 11:33:34.6629,5,908
204.84,2024/06/13 11:33:35.3599,3,898
204.882,2024/06/13 11:33:35.4019,5,908
205.129,2024/06/13 11:33:35.6489,5,908
205.376,2024/06/13 11:33:35.8959,5,908
205.622,2024/06/13 11:33:36.1419,5,908
205.825,2024/06/13 11:33:36.3449,3,835
205.868,2024/06/13 11:33:36.3879,5,908
206.114,2024/06/13 11:33:36.6339,5,908
206.36,2024/06/13 11:33:36.8799,5,908
206.563,2024/06/13 11:33:37.0829,3,910
206.606,2024/06/13 11:33:37.1259,5,908
206.853,2024/06/13 11:33:37.3729,5,908
207.1,2024/06/13 11:33:37.6199,5,908
207.548,2024/06/13 11:33:38.0679,3,967
207.838,2024/06/13 11:33:38.3579,5,923
208.084,2024/06/13 11:33:38.6039,5,923
208.33,2024/06/13 11:33:38.8499,5,923
208.534,2024/06/13 11:33:39.0539,3,890
208.577,2024/06/13 11:33:39.0969,5,923
208.823,2024/06/13 11:33:39.3429,5,923
209.069,2024/06/13 11:33:39.5889,5,923
209.315,2024/06/13 11:33:39.8349,5,923
209.519,2024/06/13 11:33:40.0389,3,878
209.561,2024/06/13 11:33:40.0809,5,923
209.809,2024/06/13 11:33:40.3289,5,923
210.054,2024/06/13 11:33:40.5739,5,923
210.258,2024/06/13 11:33:40.7779,3,946
210.301,2024/06/13 11:33:40.8209,5,923
210.547,2024/06/13 11:33:41.0669,5,923
210.794,2024/06/13 11:33:41.3139,5,923
211.04,2024/06/13 11:33:41.5599,5,923
211.243,2024/06/13 11:33:41.7629,3,913
211.286,2024/06/13 11:33:41.8059,5,923
211.532,2024/06/13 11:33:42.0519,5,923
211.779,2024/06/13 11:33:42.2989,5,923
212.025,2024/06/13 11:33:42.5449,5,923
212.228,2024/06/13 11:33:42.7479,3,877
212.271,2024/06/13 11:33:42.7909,5,923
212.517,2024/06/13 11:33:43.0369,5,923
212.764,2024/06/13 11:33:43.2839,5,923
213.009,2024/06/13 11:33:43.5289,5,923
213.213,2024/06/13 11:33:43.7329,3,928
213.256,2024/06/13 11:33:43.7759,5,923
213.502,2024/06/13 11:33:44.0219,5,923
213.952,2024/06/13 11:33:44.4719,3,960
214.241,2024/06/13 11:33:44.7609,5,923
214.487,2024/06/13 11:33:45.0069,5,923
214.734,2024/06/13 11:33:45.2539,5,923
214.936,2024/06/13 11:33:45.4559,3,905
214.98,2024/06/13 11:33:45.4999,5,923
215.227,2024/06/13 11:33:45.7469,5,923
215.473,2024/06/13 11:33:45.9929,5,923
215.718,2024/06/13 11:33:46.2379,5,923
215.922,2024/06/13 11:33:46.4419,3,952
215.965,2024/06/13 11:33:46.4849,5,923
216.211,2024/06/13 11:33:46.7309,5,923
217.153,2024/06/13 11:33:47.6729,3,967
217.196,2024/06/13 11:33:47.7159,5,923
217.443,2024/06/13 11:33:47.9629,5,923
217.646,2024/06/13 11:33:48.1659,3,895
217.689,2024/06/13 11:33:48.2089,5,923
217.936,2024/06/13 11:33:48.4559,5,923
218.181,2024/06/13 11:33:48.7009,5,923
218.428,2024/06/13 11:33:48.9479,5,923
218.631,2024/06/13 11:33:49.1509,3,911
218.674,2024/06/13 11:33:49.1939,5,923
218.92,2024/06/13 11:33:49.4399,5,923
219.167,2024/06/13 11:33:49.6869,5,923
219.412,2024/06/13 11:33:49.9319,5,922
219.616,2024/06/13 11:33:50.1359,3,927
219.66,2024/06/13 11:33:50.1799,5,923
219.905,2024/06/13 11:33:50.4249,5,923
220.152,2024/06/13 11:33:50.6719,5,923
220.398,2024/06/13 11:33:50.9179,5,923
220.6,2024/06/13 11:33:51.1199,3,870
220.645,2024/06/13 11:33:51.1649,5,938
220.89,2024/06/13 11:33:51.4099,5,938
221.137,2024/06/13 11:33:51.6569,5,938
221.339,2024/06/13 11:33:51.8589,3,930
221.383,2024/06/13 11:33:51.9029,5,938
221.63,2024/06/13 11:33:52.1499,5,938
221.876,2024/06/13 11:33:52.3959,5,938
222.122,2024/06/13 11:33:52.6419,5,938
222.325,2024/06/13 11:33:52.8449,3,969
222.368,2024/06/13 11:33:52.8879,5,938
222.614,2024/06/13 11:33:53.1339,5,938
222.861,2024/06/13 11:33:53.3809,5,938
223.107,2024/06/13 11:33:53.6269,5,938
223.31,2024/06/13 11:33:53.8299,3,924
223.353,2024/06/13 11:33:53.8729,5,938
223.599,2024/06/13 11:33:54.1189,5,938
223.846,2024/06/13 11:33:54.3659,5,938
224.093,2024/06/13 11:33:54.6129,5,938
224.295,2024/06/13 11:33:54.8149,3,978
224.831,2024/06/13 11:33:55.3509,5,938
225.078,2024/06/13 11:33:55.5979,5,938
225.28,2024/06/13 11:33:55.7999,3,972
225.324,2024/06/13 11:33:55.8439,5,938
225.57,2024/06/13 11:33:56.0899,5,938
225.816,2024/06/13 11:33:56.3359,5,938
226.062,2024/06/13 11:33:56.5819,5,938
226.265,2024/06/13 11:33:56.7849,3,894
226.309,2024/06/13 11:33:56.8289,5,938
226.555,2024/06/13 11:33:57.0749,5,938
226.801,2024/06/13 11:33:57.3209,5,938
227.047,2024/06/13 11:33:57.5669,5,938
227.25,2024/06/13 11:33:57.7699,3,931
227.294,2024/06/13 11:33:57.8139,5,938
227.54,2024/06/13 11:33:58.0599,5,938
227.786,2024/06/13 11:33:58.3059,5,938
227.989,2024/06/13 11:33:58.5089,3,945
228.033,2024/06/13 11:33:58.5529,5,938
228.279,2024/06/13 11:33:58.7989,5,938
228.525,2024/06/13 11:33:59.0449,5,938
228.772,2024/06/13 11:33:59.2919,5,938
228.974,2024/06/13 11:33:59.4939,3,860
229.017,2024/06/13 11:33:59.5369,5,938
229.264,2024/06/13 11:33:59.7839,5,938
229.51,2024/06/13 11:34:00.0299,5,938
229.713,2024/06/13 11:34:00.2329,3,890
229.757,2024/06/13 11:34:00.2769,5,938
230.003,2024/06/13 11:34:00.5229,5,938
230.249,2024/06/13 11:34:00.7689,5,938
230.495,2024/06/13 11:34:01.0149,5,938
230.698,2024/06/13 11:34:01.2179,3,912
230.741,2024/06/13 11:34:01.2609,5,938
230.988,2024/06/13 11:34:01.5079,5,938
231.234,2024/06/13 11:34:01.7539,5,938
231.481,2024/06/13 11:34:02.0009,5,952
231.684,2024/06/13 11:34:02.2039,3,879
231.726,2024/06/13 11:34:02.2459,5,952
231.973,2024/06/13 11:34:02.4929,5,952
232.219,2024/06/13 11:34:02.7389,5,952
232.466,2024/06/13 11:34:02.9859,5,952
232.668,2024/06/13 11:34:03.1879,3,968
232.712,2024/06/13 11:34:03.2319,5,952
232.958,2024/06/13 11:34:03.4779,5,952
233.205,2024/06/13 11:34:03.7249,5,952
233.45,2024/06/13 11:34:03.9699,5,952
233.653,2024/06/13 11:34:04.1729,3,1008
233.697,2024/06/13 11:34:04.2169,5,952
234.436,2024/06/13 11:34:04.9559,5,952
234.639,2024/06/13 11:34:05.1589,3,919
234.682,2024/06/13 11:34:05.2019,5,952
234.929,2024/06/13 11:34:05.4489,5,952
235.175,2024/06/13 11:34:05.6949,5,952
235.421,2024/06/13 11:34:05.9409,5,952
235.624,2024/06/13 11:34:06.1439,3,987
235.668,2024/06/13 11:34:06.1879,5,952
236.406,2024/06/13 11:34:06.9259,5,952
236.608,2024/06/13 11:34:07.1279,3,1011
236.652,2024/06/13 11:34:07.1719,5,938
236.899,2024/06/13 11:34:07.4189,5,938
237.145,2024/06/13 11:34:07.6649,5,938
237.392,2024/06/13 11:34:07.9119,5,938
237.594,2024/06/13 11:34:08.1139,3,909
237.638,2024/06/13 11:34:08.1579,5,938
237.883,2024/06/13 11:34:08.4029,5,938
238.13,2024/06/13 11:34:08.6499,5,938
238.377,2024/06/13 11:34:08.8969,5,938
238.578,2024/06/13 11:34:09.0979,3,967
238.622,2024/06/13 11:34:09.1419,5,938
238.869,2024/06/13 11:34:09.3889,5,938
239.115,2024/06/13 11:34:09.6349,5,938
239.362,2024/06/13 11:34:09.8819,5,938
239.564,2024/06/13 11:34:10.0839,3,1024
239.607,2024/06/13 11:34:10.1269,5,938
239.854,2024/06/13 11:34:10.3739,5,938
240.1,2024/06/13 11:34:10.6199,5,938
240.302,2024/06/13 11:34:10.8219,3,930
240.346,2024/06/13 11:34:10.8659,5,938
240.593,2024/06/13 11:34:11.1129,5,938
240.839,2024/06/13 11:34:11.3589,5,938
241.085,2024/06/13 11:34:11.6049,5,938
241.287,2024/06/13 11:34:11.8069,3,1006
242.273,2024/06/13 11:34:12.7929,3,994
242.563,2024/06/13 11:34:13.0829,5,967
242.809,2024/06/13 11:34:13.3289,5,967
243.055,2024/06/13 11:34:13.5749,5,967
243.258,2024/06/13 11:34:13.7779,3,908
243.301,2024/06/13 11:34:13.8209,5,967
243.548,2024/06/13 11:34:14.0679,5,967
243.794,2024/06/13 11:34:14.3139,5,967
243.997,2024/06/13 11:34:14.5169,3,946
244.041,2024/06/13 11:34:14.5609,5,967
244.287,2024/06/13 11:34:14.8069,5,967
244.533,2024/06/13 11:34:15.0529,5,967
244.779,2024/06/13 11:34:15.2989,5,967
244.982,2024/06/13 11:34:15.5019,3,879
245.026,2024/06/13 11:34:15.5459,5,967
245.272,2024/06/13 11:34:15.7919,5,967
245.518,2024/06/13 11:34:16.0379,5,967
245.764,2024/06/13 11:34:16.2839,5,967
245.967,2024/06/13 11:34:16.4869,3,846
246.011,2024/06/13 11:34:16.5309,5,967
246.257,2024/06/13 11:34:16.7769,5,967
246.503,2024/06/13 11:34:17.0229,5,967
246.706,2024/06/13 11:34:17.2259,3,924
246.749,2024/06/13 11:34:17.2689,5,967
246.995,2024/06/13 11:34:17.5149,5,967
247.242,2024/06/13 11:34:17.7619,5,967
247.488,2024/06/13 11:34:18.0079,5,967
247.691,2024/06/13 11:34:18.2109,3,922
247.735,2024/06/13 11:34:18.2549,5,967
247.981,2024/06/13 11:34:18.5009,5,967
248.227,2024/06/13 11:34:18.7469,5,967
248.473,2024/06/13 11:34:18.9929,5,967
248.675,2024/06/13 11:34:19.1949,3,895
248.719,2024/06/13 11:34:19.2389,5,967
248.966,2024/06/13 11:34:19.4859,5,967
249.212,2024/06/13 11:34:19.7319,5,967
249.459,2024/06/13 11:34:19.9789,5,952
249.661,2024/06/13 11:34:20.1809,3,961
249.705,2024/06/13 11:34:20.2249,5,952
249.951,2024/06/13 11:34:20.4709,5,952
250.198,2024/06/13 11:34:20.7179,5,952
250.646,2024/06/13 11:34:21.1659,3,943
250.937,2024/06/13 11:34:21.4569,5,938
251.182,2024/06/13 11:34:21.7019,5,938
251.385,2024/06/13 11:34:21.9049,3,904
251.429,2024/06/13 11:34:21.9489,5,938
251.675,2024/06/13 11:34:22.1949,5,938
251.922,2024/06/13 11:34:22.4419,5,938
252.168,2024/06/13 11:34:22.6879,5,938
252.37,2024/06/13 11:34:22.8899,3,974
252.413,2024/06/13 11:34:22.9329,5,938
252.66,2024/06/13 11:34:23.1799,5,938
252.906,2024/06/13 11:34:23.4259,5,937
253.153,2024/06/13 11:34:23.6729,5,938
253.355,2024/06/13 11:34:23.8749,3,948
253.398,2024/06/13 11:34:23.9179,5,938
253.646,2024/06/13 11:34:24.1659,5,923
253.891,2024/06/13 11:34:24.4109,5,923
254.138,2024/06/13 11:34:24.6579,5,923
254.34,2024/06/13 11:34:24.8599,3,890
254.384,2024/06/13 11:34:24.9039,5,923
254.63,2024/06/13 11:34:25.1499,5,923
254.877,2024/06/13 11:34:25.3969,5,923
255.079,2024/06/13 11:34:25.5989,3,948
255.122,2024/06/13 11:34:25.6419,5,923
255.369,2024/06/13 11:34:25.8889,5,923
255.616,2024/06/13 11:34:26.1359,5,923
255.861,2024/06/13 11:34:26.3809,5,923
256.064,2024/06/13 11:34:26.5839,3,931
256.108,2024/06/13 11:34:26.6279,5,923
256.355,2024/06/13 11:34:26.8749,5,923
256.6,2024/06/13 11:34:27.1199,5,923
256.847,2024/06/13 11:34:27.3669,5,923
257.05,2024/06/13 11:34:27.5699,3,857
257.093,2024/06/13 11:34:27.6129,5,923
257.339,2024/06/13 11:34:27.8589,5,923
257.585,2024/06/13 11:34:28.1049,5,923
257.832,2024/06/13 11:34:28.3519,5,923
258.034,2024/06/13 11:34:28.5539,3,913
258.571,2024/06/13 11:34:29.0909,5,938
258.773,2024/06/13 11:34:29.2929,3,913
258.817,2024/06/13 11:34:29.3369,5,938
259.063,2024/06/13 11:34:29.5829,5,938
259.309,2024/06/13 11:34:29.8289,5,938
259.556,2024/06/13 11:34:30.0759,5,938
259.758,2024/06/13 11:34:30.2779,3,860
259.802,2024/06/13 11:34:30.3219,5,938
260.049,2024/06/13 11:34:30.5689,5,938
260.295,2024/06/13 11:34:30.8149,5,938
260.497,2024/06/13 11:34:31.0169,3,942
260.541,2024/06/13 11:34:31.0609,5,938
260.788,2024/06/13 11:34:31.3079,5,938
261.236,2024/06/13 11:34:31.7559,3,932
262.018,2024/06/13 11:34:32.5379,5,938
262.22,2024/06/13 11:34:32.7399,3,874
262.265,2024/06/13 11:34:32.7849,5,938
262.511,2024/06/13 11:34:33.0309,5,938
262.757,2024/06/13 11:34:33.2769,5,938
262.96,2024/06/13 11:34:33.4799,3,797
263.004,2024/06/13 11:34:33.5239,5,938
263.25,2024/06/13 11:34:33.7699,5,938
263.496,2024/06/13 11:34:34.0159,5,938
263.698,2024/06/13 11:34:34.2179,3,788
263.742,2024/06/13 11:34:34.2619,5,938
263.989,2024/06/13 11:34:34.5089,5,938
264.235,2024/06/13 11:34:34.7549,5,938
264.482,2024/06/13 11:34:35.0019,5,938
264.684,2024/06/13 11:34:35.2039,3,843
264.727,2024/06/13 11:34:35.2469,5,938
264.974,2024/06/13 11:34:35.4939,5,938
265.22,2024/06/13 11:34:35.7399,5,938
265.422,2024/06/13 11:34:35.9419,3,791
266.407,2024/06/13 11:34:36.9269,3,861
266.452,2024/06/13 11:34:36.9719,5,938
266.698,2024/06/13 11:34:37.2179,5,938
266.944,2024/06/13 11:34:37.4639,5,938
267.19,2024/06/13 11:34:37.7099,5,938
267.638,2024/06/13 11:34:38.1579,3,895
267.929,2024/06/13 11:34:38.4489,5,938
268.132,2024/06/13 11:34:38.6519,3,842
268.176,2024/06/13 11:34:38.6959,5,938
268.422,2024/06/13 11:34:38.9419,5,938
268.668,2024/06/13 11:34:39.1879,5,938
268.914,2024/06/13 11:34:39.4339,5,938
269.116,2024/06/13 11:34:39.6359,3,912
269.161,2024/06/13 11:34:39.6809,5,938
269.407,2024/06/13 11:34:39.9269,5,938
269.653,2024/06/13 11:34:40.1729,5,937
269.855,2024/06/13 11:34:40.3749,3,904
269.899,2024/06/13 11:34:40.4189,5,938
270.146,2024/06/13 11:34:40.6659,5,938
270.84,2024/06/13 11:34:41.3599,3,848
270.884,2024/06/13 11:34:41.4039,5,938
271.131,2024/06/13 11:34:41.6509,5,938
271.377,2024/06/13 11:34:41.8969,5,938
271.579,2024/06/13 11:34:42.0989,3,896
271.623,2024/06/13 11:34:42.1429,5,938
271.87,2024/06/13 11:34:42.3899,5,938
272.116,2024/06/13 11:34:42.6359,5,938
272.362,2024/06/13 11:34:42.8819,5,938
272.564,2024/06/13 11:34:43.0839,3,868
272.608,2024/06/13 11:34:43.1279,5,923
272.855,2024/06/13 11:34:43.3749,5,923
273.101,2024/06/13 11:34:43.6209,5,923
273.303,2024/06/13 11:34:43.8229,3,816
273.348,2024/06/13 11:34:43.8679,5,923
273.593,2024/06/13 11:34:44.1129,5,923
273.84,2024/06/13 11:34:44.3599,5,923
274.086,2024/06/13 11:34:44.6059,5,923
274.288,2024/06/13 11:34:44.8079,3,899
274.333,2024/06/13 11:34:44.8529,5,923
275.071,2024/06/13 11:34:45.5909,5,908
275.273,2024/06/13 11:34:45.7929,3,906
275.317,2024/06/13 11:34:45.8369,5,908
275.563,2024/06/13 11:34:46.0829,5,908
275.81,2024/06/13 11:34:46.3299,5,908
276.056,2024/06/13 11:34:46.5759,5,908
276.258,2024/06/13 11:34:46.7779,3,865
276.303,2024/06/13 11:34:46.8229,5,908
276.549,2024/06/13 11:34:47.0689,5,908
276.795,2024/06/13 11:34:47.3149,5,908
276.997,2024/06/13 11:34:47.5169,3,939
277.041,2024/06/13 11:34:47.5609,5,908
277.288,2024/06/13 11:34:47.8079,5,908
277.534,2024/06/13 11:34:48.0539,5,908
277.78,2024/06/13 11:34:48.2999,5,908
277.982,2024/06/13 11:34:48.5019,3,942
278.026,2024/06/13 11:34:48.5459,5,908
278.273,2024/06/13 11:34:48.7929,5,908
278.519,2024/06/13 11:34:49.0389,5,908
278.766,2024/06/13 11:34:49.2859,5,908
278.968,2024/06/13 11:34:49.4879,3,899
279.012,2024/06/13 11:34:49.5319,5,908
279.258,2024/06/13 11:34:49.7779,5,908
279.505,2024/06/13 11:34:50.0249,5,908
279.75,2024/06/13 11:34:50.2699,5,908
279.953,2024/06/13 11:34:50.4729,3,962
279.997,2024/06/13 11:34:50.5169,5,908
280.243,2024/06/13 11:34:50.7629,5,908
280.489,2024/06/13 11:34:51.0089,5,908
280.735,2024/06/13 11:34:51.2549,5,908
280.938,2024/06/13 11:34:51.4579,3,975
280.982,2024/06/13 11:34:51.5019,5,908
281.228,2024/06/13 11:34:51.7479,5,908
281.474,2024/06/13 11:34:51.9939,5,908
281.676,2024/06/13 11:34:52.1959,3,891
281.721,2024/06/13 11:34:52.2409,5,908
281.966,2024/06/13 11:34:52.4859,5,908
282.213,2024/06/13 11:34:52.7329,5,908
282.459,2024/06/13 11:34:52.9789,5,908
282.661,2024/06/13 11:34:53.1809,3,945
283.198,2024/06/13 11:34:53.7179,5,908
283.4,2024/06/13 11:34:53.9199,3,929
283.937,2024/06/13 11:34:54.4569,5,908
284.183,2024/06/13 11:34:54.7029,5,908
284.43,2024/06/13 11:34:54.9499,5,908
284.631,2024/06/13 11:34:55.1509,3,850
284.676,2024/06/13 11:34:55.1959,5,923
284.922,2024/06/13 11:34:55.4419,5,923
285.169,2024/06/13 11:34:55.6889,5,923
285.37,2024/06/13 11:34:55.8899,3,914
285.414,2024/06/13 11:34:55.9339,5,923
285.661,2024/06/13 11:34:56.1809,5,923
285.907,2024/06/13 11:34:56.4269,5,923
286.153,2024/06/13 11:34:56.6729,5,923
286.356,2024/06/13 11:34:56.8759,3,1005
286.4,2024/06/13 11:34:56.9199,5,923
286.646,2024/06/13 11:34:57.1659,5,938
286.892,2024/06/13 11:34:57.4119,5,937
287.138,2024/06/13 11:34:57.6579,5,938
287.385,2024/06/13 11:34:57.9049,5,938
287.587,2024/06/13 11:34:58.1069,3,962
287.631,2024/06/13 11:34:58.1509,5,938
287.877,2024/06/13 11:34:58.3969,5,938
288.123,2024/06/13 11:34:58.6429,5,938
288.325,2024/06/13 11:34:58.8449,3,945
288.37,2024/06/13 11:34:58.8899,5,938
288.616,2024/06/13 11:34:59.1359,5,938
288.863,2024/06/13 11:34:59.3829,5,938
289.109,2024/06/13 11:34:59.6289,5,938
289.311,2024/06/13 11:34:59.8309,3,1015
289.355,2024/06/13 11:34:59.8749,5,938
289.601,2024/06/13 11:35:00.1209,5,938
289.848,2024/06/13 11:35:00.3679,5,938
290.094,2024/06/13 11:35:00.6139,5,938
290.296,2024/06/13 11:35:00.8159,3,956
290.341,2024/06/13 11:35:00.8609,5,938
290.586,2024/06/13 11:35:01.1059,5,938
290.832,2024/06/13 11:35:01.3519,5,938
291.035,2024/06/13 11:35:01.5549,3,881
291.572,2024/06/13 11:35:02.0919,5,938
291.818,2024/06/13 11:35:02.3379,5,938
292.02,2024/06/13 11:35:02.5399,3,932
292.064,2024/06/13 11:35:02.5839,5,938
292.31,2024/06/13 11:35:02.8299,5,938
292.557,2024/06/13 11:35:03.0769,5,938
292.803,2024/06/13 11:35:03.3229,5,938
293.005,2024/06/13 11:35:03.5249,3,911
293.049,2024/06/13 11:35:03.5689,5,938
293.296,2024/06/13 11:35:03.8159,5,938
293.543,2024/06/13 11:35:04.0629,5,938
293.788,2024/06/13 11:35:04.3079,5,938
293.99,2024/06/13 11:35:04.5099,3,877
294.035,2024/06/13 11:35:04.5549,5,938
294.281,2024/06/13 11:35:04.8009,5,938
294.527,2024/06/13 11:35:05.0469,5,952
294.729,2024/06/13 11:35:05.2489,3,945
294.773,2024/06/13 11:35:05.2929,5,952
295.02,2024/06/13 11:35:05.5399,5,952
295.265,2024/06/13 11:35:05.7849,5,952
295.512,2024/06/13 11:35:06.0319,5,952
295.713,2024/06/13 11:35:06.2329,3,926
296.497,2024/06/13 11:35:07.0169,5,952
296.7,2024/06/13 11:35:07.2199,3,882
296.743,2024/06/13 11:35:07.2629,5,952
296.99,2024/06/13 11:35:07.5099,5,952
297.236,2024/06/13 11:35:07.7559,5,952
297.482,2024/06/13 11:35:08.0019,5,952
297.683,2024/06/13 11:35:08.2029,3,970
297.728,2024/06/13 11:35:08.2479,5,952
297.975,2024/06/13 11:35:08.4949,5,952
298.22,2024/06/13 11:35:08.7399,5,952
298.467,2024/06/13 11:35:08.9869,5,952
298.669,2024/06/13 11:35:09.1889,3,978
299.206,2024/06/13 11:35:09.7259,5,952
299.408,2024/06/13 11:35:09.9279,3,901
299.453,2024/06/13 11:35:09.9729,5,952
299.698,2024/06/13 11:35:10.2179,5,952
299.945,2024/06/13 11:35:10.4649,5,952
300.192,2024/06/13 11:35:10.7119,5,952
300.393,2024/06/13 11:35:10.9129,3,941
300.437,2024/06/13 11:35:10.9569,5,952
300.685,2024/06/13 11:35:11.2049,5,938
300.93,2024/06/13 11:35:11.4499,5,938
301.177,2024/06/13 11:35:11.6969,5,938
301.422,2024/06/13 11:35:11.9419,5,938
301.624,2024/06/13 11:35:12.1439,3,931
301.669,2024/06/13 11:35:12.1889,5,938
301.915,2024/06/13 11:35:12.4349,5,938
302.116,2024/06/13 11:35:12.6359,3,862
302.161,2024/06/13 11:35:12.6809,5,938
302.901,2024/06/13 11:35:13.4209,5,938
303.102,2024/06/13 11:35:13.6219,3,932
303.146,2024/06/13 11:35:13.6659,5,938
303.393,2024/06/13 11:35:13.9129,5,938
303.639,2024/06/13 11:35:14.1589,5,937
303.886,2024/06/13 11:35:14.4059,5,938
304.087,2024/06/13 11:35:14.6069,3,959
304.132,2024/06/13 11:35:14.6519,5,938
304.378,2024/06/13 11:35:14.8979,5,938
304.624,2024/06/13 11:35:15.1439,5,938
304.871,2024/06/13 11:35:15.3909,5,938
305.072,2024/06/13 11:35:15.5919,3,874
305.116,2024/06/13 11:35:15.6359,5,938
305.811,2024/06/13 11:35:16.3309,3,951
305.855,2024/06/13 11:35:16.3749,5,938
306.102,2024/06/13 11:35:16.6219,5,938
306.349,2024/06/13 11:35:16.8689,5,938
306.595,2024/06/13 11:35:17.1149,5,938
306.796,2024/06/13 11:35:17.3159,3,945
306.841,2024/06/13 11:35:17.3609,5,938
307.087,2024/06/13 11:35:17.6069,5,938
307.333,2024/06/13 11:35:17.8529,5,938
307.579,2024/06/13 11:35:18.0989,5,938
307.781,2024/06/13 11:35:18.3009,3,868
307.826,2024/06/13 11:35:18.3459,5,938
308.52,2024/06/13 11:35:19.0399,3,910
308.565,2024/06/13 11:35:19.0849,5,938
308.811,2024/06/13 11:35:19.3309,5,938
309.057,2024/06/13 11:35:19.5769,5,938
309.304,2024/06/13 11:35:19.8239,5,938
309.505,2024/06/13 11:35:20.0249,3,916
309.55,2024/06/13 11:35:20.0699,5,938
309.796,2024/06/13 11:35:20.3159,5,938
310.042,2024/06/13 11:35:20.5619,5,938
310.289,2024/06/13 11:35:20.8089,5,938
310.49,2024/06/13 11:35:21.0099,3,835
310.535,2024/06/13 11:35:21.0549,5,938
310.781,2024/06/13 11:35:21.3009,5,938
311.028,2024/06/13 11:35:21.5479,5,938
311.229,2024/06/13 11:35:21.7489,3,889
311.273,2024/06/13 11:35:21.7929,5,938
311.52,2024/06/13 11:35:22.0399,5,938
311.766,2024/06/13 11:35:22.2859,5,938
312.012,2024/06/13 11:35:22.5319,5,938
312.214,2024/06/13 11:35:22.7339,3,933
312.258,2024/06/13 11:35:22.7779,5,938
312.505,2024/06/13 11:35:23.0249,5,938
312.751,2024/06/13 11:35:23.2709,5,938
312.998,2024/06/13 11:35:23.5179,5,938
313.199,2024/06/13 11:35:23.7189,3,912
313.244,2024/06/13 11:35:23.7639,5,938
313.49,2024/06/13 11:35:24.0099,5,938
313.736,2024/06/13 11:35:24.2559,5,938
313.938,2024/06/13 11:35:24.4579,3,881
313.983,2024/06/13 11:35:24.5029,5,938
314.229,2024/06/13 11:35:24.7489,5,938
314.475,2024/06/13 11:35:24.9949,5,923
314.722,2024/06/13 11:35:25.2419,5,923
314.923,2024/06/13 11:35:25.4429,3,956
314.968,2024/06/13 11:35:25.4879,5,923
315.214,2024/06/13 11:35:25.7339,5,923
315.908,2024/06/13 11:35:26.4279,3,928
315.953,2024/06/13 11:35:26.4729,5,923
316.199,2024/06/13 11:35:26.7189,5,923
316.446,2024/06/13 11:35:26.9659,5,923
316.646,2024/06/13 11:35:27.1659,3,864
316.691,2024/06/13 11:35:27.2109,5,923
316.938,2024/06/13 11:35:27.4579,5,923
317.185,2024/06/13 11:35:27.7049,5,923
317.43,2024/06/13 11:35:27.9499,5,923
317.632,2024/06/13 11:35:28.1519,3,907
317.676,2024/06/13 11:35:28.1959,5,923
317.923,2024/06/13 11:35:28.4429,5,923
318.169,2024/06/13 11:35:28.6889,5,923
318.371,2024/06/13 11:35:28.8909,3,909
318.416,2024/06/13 11:35:28.9359,5,923
318.662,2024/06/13 11:35:29.1819,5,923
318.908,2024/06/13 11:35:29.4279,5,923
319.154,2024/06/13 11:35:29.6739,5,923
319.356,2024/06/13 11:35:29.8759,3,851
319.4,2024/06/13 11:35:29.9199,5,923
319.647,2024/06/13 11:35:30.1669,5,923
319.893,2024/06/13 11:35:30.4129,5,923
320.139,2024/06/13 11:35:30.6589,5,923
320.341,2024/06/13 11:35:30.8609,3,896
320.386,2024/06/13 11:35:30.9059,5,923
320.632,2024/06/13 11:35:31.1519,5,922
320.878,2024/06/13 11:35:31.3979,5,923
321.08,2024/06/13 11:35:31.5999,3,945
321.124,2024/06/13 11:35:31.6439,5,923
321.371,2024/06/13 11:35:31.8909,5,923
321.617,2024/06/13 11:35:32.1369,5,923
321.818,2024/06/13 11:35:32.3379,3,856
321.863,2024/06/13 11:35:32.3829,5,923
322.109,2024/06/13 11:35:32.6289,5,923
322.356,2024/06/13 11:35:32.8759,5,923
322.602,2024/06/13 11:35:33.1219,5,923
322.804,2024/06/13 11:35:33.3239,3,843
322.848,2024/06/13 11:35:33.3679,5,923
323.095,2024/06/13 11:35:33.6149,5,923
323.342,2024/06/13 11:35:33.8619,5,923
323.542,2024/06/13 11:35:34.0619,3,781
323.587,2024/06/13 11:35:34.1069,5,923
323.834,2024/06/13 11:35:34.3539,5,923
324.08,2024/06/13 11:35:34.5999,5,923
324.282,2024/06/13 11:35:34.8019,3,786
324.327,2024/06/13 11:35:34.8469,5,923
324.572,2024/06/13 11:35:35.0919,5,923
324.819,2024/06/13 11:35:35.3389,5,923
325.065,2024/06/13 11:35:35.5849,5,923
325.266,2024/06/13 11:35:35.7859,3,867
325.311,2024/06/13 11:35:35.8309,5,923
325.557,2024/06/13 11:35:36.0769,5,908
325.803,2024/06/13 11:35:36.3229,5,908
326.05,2024/06/13 11:35:36.5699,5,908
326.252,2024/06/13 11:35:36.7719,3,811
326.297,2024/06/13 11:35:36.8169,5,908
326.542,2024/06/13 11:35:37.0619,5,908
326.789,2024/06/13 11:35:37.3089,5,908
326.991,2024/06/13 11:35:37.5109,3,870
327.528,2024/06/13 11:35:38.0479,5,908
327.774,2024/06/13 11:35:38.2939,5,908
327.975,2024/06/13 11:35:38.4949,3,920
328.02,2024/06/13 11:35:38.5399,5,908
328.267,2024/06/13 11:35:38.7869,5,908
328.513,2024/06/13 11:35:39.0329,5,908
328.714,2024/06/13 11:35:39.2339,3,873
328.759,2024/06/13 11:35:39.2789,5,908
329.005,2024/06/13 11:35:39.5249,5,908
329.252,2024/06/13 11:35:39.7719,5,908
329.498,2024/06/13 11:35:40.0179,5,908
329.7,2024/06/13 11:35:40.2199,3,844
329.745,2024/06/13 11:35:40.2649,5,908
329.991,2024/06/13 11:35:40.5109,5,908
330.236,2024/06/13 11:35:40.7559,5,908
330.438,2024/06/13 11:35:40.9579,3,910
330.483,2024/06/13 11:35:41.0029,5,908
330.73,2024/06/13 11:35:41.2499,5,908
330.975,2024/06/13 11:35:41.4949,5,908
331.222,2024/06/13 11:35:41.7419,5,908
331.424,2024/06/13 11:35:41.9439,3,880
331.469,2024/06/13 11:35:41.9889,5,908
331.714,2024/06/13 11:35:42.2339,5,908
331.961,2024/06/13 11:35:42.4809,5,908
332.207,2024/06/13 11:35:42.7269,5,908
332.453,2024/06/13 11:35:42.9729,5,869
332.654,2024/06/13 11:35:43.1739,3,850
332.699,2024/06/13 11:35:43.2189,5,869
332.945,2024/06/13 11:35:43.4649,5,869
333.147,2024/06/13 11:35:43.6669,3,937
333.192,2024/06/13 11:35:43.7119,5,869
333.439,2024/06/13 11:35:43.9589,5,869
333.685,2024/06/13 11:35:44.2049,5,856
333.931,2024/06/13 11:35:44.4509,5,856
334.177,2024/06/13 11:35:44.6969,5,856
334.378,2024/06/13 11:35:44.8979,3,916
334.423,2024/06/13 11:35:44.9429,5,856
334.67,2024/06/13 11:35:45.1899,5,856
334.87,2024/06/13 11:35:45.3899,3,830
334.916,2024/06/13 11:35:45.4359,5,856
335.163,2024/06/13 11:35:45.6829,5,856
335.409,2024/06/13 11:35:45.9289,5,856
335.655,2024/06/13 11:35:46.1749,5,856
335.857,2024/06/13 11:35:46.3769,3,875
335.901,2024/06/13 11:35:46.4209,5,856
336.148,2024/06/13 11:35:46.6679,5,856
336.394,2024/06/13 11:35:46.9139,5,856
336.595,2024/06/13 11:35:47.1149,3,908
336.64,2024/06/13 11:35:47.1599,5,869
336.887,2024/06/13 11:35:47.4069,5,869
337.133,2024/06/13 11:35:47.6529,5,869
337.379,2024/06/13 11:35:47.8989,5,869
337.58,2024/06/13 11:35:48.0999,3,842
337.625,2024/06/13 11:35:48.1449,5,882
337.871,2024/06/13 11:35:48.3909,5,882
338.117,2024/06/13 11:35:48.6369,5,881
338.364,2024/06/13 11:35:48.8839,5,882
338.565,2024/06/13 11:35:49.0849,3,888
339.103,2024/06/13 11:35:49.6229,5,882
339.304,2024/06/13 11:35:49.8239,3,928
339.841,2024/06/13 11:35:50.3609,5,896
340.289,2024/06/13 11:35:50.8089,3,871
340.58,2024/06/13 11:35:51.0999,5,896
340.826,2024/06/13 11:35:51.3459,5,896
341.073,2024/06/13 11:35:51.5929,5,896
341.273,2024/06/13 11:35:51.7929,3,918
341.319,2024/06/13 11:35:51.8389,5,896
341.566,2024/06/13 11:35:52.0859,5,896
341.812,2024/06/13 11:35:52.3319,5,896
342.012,2024/06/13 11:35:52.5319,3,931
342.058,2024/06/13 11:35:52.5779,5,896
342.304,2024/06/13 11:35:52.8239,5,896
342.551,2024/06/13 11:35:53.0709,5,896
342.797,2024/06/13 11:35:53.3169,5,896
342.998,2024/06/13 11:35:53.5179,3,864
343.043,2024/06/13 11:35:53.5629,5,896
343.289,2024/06/13 11:35:53.8089,5,896
343.536,2024/06/13 11:35:54.0559,5,896
343.983,2024/06/13 11:35:54.5029,3,910
344.274,2024/06/13 11:35:54.7939,5,896
344.52,2024/06/13 11:35:55.0399,5,896
344.767,2024/06/13 11:35:55.2869,5,896
344.968,2024/06/13 11:35:55.4879,3,942
345.013,2024/06/13 11:35:55.5329,5,896
345.259,2024/06/13 11:35:55.7789,5,896
345.506,2024/06/13 11:35:56.0259,5,896
345.707,2024/06/13 11:35:56.2269,3,861
345.752,2024/06/13 11:35:56.2719,5,896
345.999,2024/06/13 11:35:56.5189,5,896
346.244,2024/06/13 11:35:56.7639,5,896
346.491,2024/06/13 11:35:57.0109,5,908
346.692,2024/06/13 11:35:57.2119,3,893
346.738,2024/06/13 11:35:57.2579,5,908
347.476,2024/06/13 11:35:57.9959,5,908
347.677,2024/06/13 11:35:58.1969,3,973
347.722,2024/06/13 11:35:58.2419,5,908
347.969,2024/06/13 11:35:58.4889,5,908
348.214,2024/06/13 11:35:58.7339,5,908
348.416,2024/06/13 11:35:58.9359,3,883
348.461,2024/06/13 11:35:58.9809,5,908
348.707,2024/06/13 11:35:59.2269,5,908
348.954,2024/06/13 11:35:59.4739,5,908
349.2,2024/06/13 11:35:59.7199,5,908
349.401,2024/06/13 11:35:59.9209,3,920
349.446,2024/06/13 11:35:59.9659,5,908
349.693,2024/06/13 11:36:00.2129,5,908
349.939,2024/06/13 11:36:00.4589,5,908
350.185,2024/06/13 11:36:00.7049,5,908
350.386,2024/06/13 11:36:00.9059,3,934
350.432,2024/06/13 11:36:00.9519,5,908
350.678,2024/06/13 11:36:01.1979,5,908
350.924,2024/06/13 11:36:01.4439,5,908
351.372,2024/06/13 11:36:01.8919,3,872
351.663,2024/06/13 11:36:02.1829,5,908
351.909,2024/06/13 11:36:02.4289,5,908
352.11,2024/06/13 11:36:02.6299,3,923
352.155,2024/06/13 11:36:02.6749,5,908
352.402,2024/06/13 11:36:02.9219,5,908
352.648,2024/06/13 11:36:03.1679,5,923
352.894,2024/06/13 11:36:03.4139,5,923
353.096,2024/06/13 11:36:03.6159,3,979
353.141,2024/06/13 11:36:03.6609,5,923
353.386,2024/06/13 11:36:03.9059,5,923
353.632,2024/06/13 11:36:04.1519,5,923
353.88,2024/06/13 11:36:04.3999,5,923
354.081,2024/06/13 11:36:04.6009,3,920
354.125,2024/06/13 11:36:04.6449,5,923
354.372,2024/06/13 11:36:04.8919,5,923
354.618,2024/06/13 11:36:05.1379,5,923
354.864,2024/06/13 11:36:05.3839,5,923
355.065,2024/06/13 11:36:05.5849,3,903
355.11,2024/06/13 11:36:05.6299,5,923
355.357,2024/06/13 11:36:05.8769,5,923
355.604,2024/06/13 11:36:06.1239,5,922
355.805,2024/06/13 11:36:06.3249,3,949
355.85,2024/06/13 11:36:06.3699,5,923
356.588,2024/06/13 11:36:07.1079,5,923
356.79,2024/06/13 11:36:07.3099,3,938
356.834,2024/06/13 11:36:07.3539,5,923
357.081,2024/06/13 11:36:07.6009,5,923
357.327,2024/06/13 11:36:07.8469,5,923
357.574,2024/06/13 11:36:08.0939,5,923
357.774,2024/06/13 11:36:08.2939,3,867
357.819,2024/06/13 11:36:08.3389,5,923
358.066,2024/06/13 11:36:08.5859,5,923
358.312,2024/06/13 11:36:08.8319,5,923
358.513,2024/06/13 11:36:09.0329,3,938
358.558,2024/06/13 11:36:09.0779,5,923
358.805,2024/06/13 11:36:09.3249,5,923
359.498,2024/06/13 11:36:10.0179,3,935
359.79,2024/06/13 11:36:10.3099,5,923
360.036,2024/06/13 11:36:10.5559,5,923
360.283,2024/06/13 11:36:10.8029,5,923
360.483,2024/06/13 11:36:11.0029,3,876
360.528,2024/06/13 11:36:11.0479,5,938
360.775,2024/06/13 11:36:11.2949,5,938
361.021,2024/06/13 11:36:11.5409,5,938
361.267,2024/06/13 11:36:11.7869,5,938
361.468,2024/06/13 11:36:11.9879,3,958
361.514,2024/06/13 11:36:12.0339,5,938
361.76,2024/06/13 11:36:12.2799,5,938
362.006,2024/06/13 11:36:12.5259,5,938
362.253,2024/06/13 11:36:12.7729,5,938
362.453,2024/06/13 11:36:12.9729,3,948
362.499,2024/06/13 11:36:13.0189,5,938
363.192,2024/06/13 11:36:13.7119,3,884
363.238,2024/06/13 11:36:13.7579,5,938
363.484,2024/06/13 11:36:14.0039,5,938
363.73,2024/06/13 11:36:14.2499,5,938
363.931,2024/06/13 11:36:14.4509,3,942
363.977,2024/06/13 11:36:14.4969,5,938
364.223,2024/06/13 11:36:14.7429,5,938
364.469,2024/06/13 11:36:14.9889,5,938
364.715,2024/06/13 11:36:15.2349,5,938
364.917,2024/06/13 11:36:15.4369,3,875
364.962,2024/06/13 11:36:15.4819,5,938
365.208,2024/06/13 11:36:15.7279,5,938
365.947,2024/06/13 11:36:16.4669,5,938
366.148,2024/06/13 11:36:16.6679,3,801
366.193,2024/06/13 11:36:16.7129,5,938
366.439,2024/06/13 11:36:16.9589,5,938
366.64,2024/06/13 11:36:17.1599,3,854
366.686,2024/06/13 11:36:17.2059,5,938
366.932,2024/06/13 11:36:17.4519,5,938
367.178,2024/06/13 11:36:17.6979,5,938
367.425,2024/06/13 11:36:17.9449,5,938
367.625,2024/06/13 11:36:18.1449,3,934
367.67,2024/06/13 11:36:18.1899,5,923
367.917,2024/06/13 11:36:18.4369,5,923
368.164,2024/06/13 11:36:18.6839,5,923
368.611,2024/06/13 11:36:19.1309,3,904
368.902,2024/06/13 11:36:19.4219,5,923
369.148,2024/06/13 11:36:19.6679,5,923
369.395,2024/06/13 11:36:19.9149,5,923
369.596,2024/06/13 11:36:20.1159,3,880
369.641,2024/06/13 11:36:20.1609,5,923
369.887,2024/06/13 11:36:20.4069,5,923
370.133,2024/06/13 11:36:20.6529,5,923
370.334,2024/06/13 11:36:20.8539,3,960
370.38,2024/06/13 11:36:20.8999,5,923
370.626,2024/06/13 11:36:21.1459,5,923
370.872,2024/06/13 11:36:21.3919,5,923
371.118,2024/06/13 11:36:21.6379,5,923
371.319,2024/06/13 11:36:21.8389,3,941
371.365,2024/06/13 11:36:21.8849,5,923
371.611,2024/06/13 11:36:22.1309,5,923
371.857,2024/06/13 11:36:22.3769,5,923
372.104,2024/06/13 11:36:22.6239,5,923
372.305,2024/06/13 11:36:22.8249,3,887
372.35,2024/06/13 11:36:22.8699,5,923
372.597,2024/06/13 11:36:23.1169,5,907
372.842,2024/06/13 11:36:23.3619,5,908
373.29,2024/06/13 11:36:23.8099,3,957
373.581,2024/06/13 11:36:24.1009,5,908
373.827,2024/06/13 11:36:24.3469,5,908
374.074,2024/06/13 11:36:24.5939,5,908
374.274,2024/06/13 11:36:24.7939,3,972
374.321,2024/06/13 11:36:24.8409,5,908
374.566,2024/06/13 11:36:25.0859,5,908
374.812,2024/06/13 11:36:25.3319,5,908
375.059,2024/06/13 11:36:25.5789,5,908
375.259,2024/06/13 11:36:25.7789,3,915
375.305,2024/06/13 11:36:25.8249,5,908
375.551,2024/06/13 11:36:26.0709,5,908
375.798,2024/06/13 11:36:26.3179,5,908
375.999,2024/06/13 11:36:26.5189,3,971
376.536,2024/06/13 11:36:27.0559,5,908
376.783,2024/06/13 11:36:27.3029,5,908
376.983,2024/06/13 11:36:27.5029,3,969
377.029,2024/06/13 11:36:27.5489,5,908
377.275,2024/06/13 11:36:27.7949,5,908
377.521,2024/06/13 11:36:28.0409,5,908
377.768,2024/06/13 11:36:28.2879,5,908
377.968,2024/06/13 11:36:28.4879,3,870
378.014,2024/06/13 11:36:28.5339,5,908
378.261,2024/06/13 11:36:28.7809,5,908
378.507,2024/06/13 11:36:29.0269,5,923
378.708,2024/06/13 11:36:29.2279,3,921
378.753,2024/06/13 11:36:29.2729,5,923
378.999,2024/06/13 11:36:29.5189,5,923
379.245,2024/06/13 11:36:29.7649,5,923
379.492,2024/06/13 11:36:30.0119,5,938
379.692,2024/06/13 11:36:30.2119,3,944
380.231,2024/06/13 11:36:30.7509,5,938
380.477,2024/06/13 11:36:30.9969,5,938
380.678,2024/06/13 11:36:31.1979,3,841
381.216,2024/06/13 11:36:31.7359,5,938
381.416,2024/06/13 11:36:31.9359,3,888
381.954,2024/06/13 11:36:32.4739,5,938
382.201,2024/06/13 11:36:32.7209,5,938
382.402,2024/06/13 11:36:32.9219,3,947
382.448,2024/06/13 11:36:32.9679,5,938
382.693,2024/06/13 11:36:33.2129,5,938
382.943,2024/06/13 11:36:33.4629,5,938
383.186,2024/06/13 11:36:33.7059,5,938
383.386,2024/06/13 11:36:33.9059,3,902
383.432,2024/06/13 11:36:33.9519,5,938
383.678,2024/06/13 11:36:34.1979,5,938
383.924,2024/06/13 11:36:34.4439,5,938
384.171,2024/06/13 11:36:34.6909,5,938
384.372,2024/06/13 11:36:34.8919,3,957
384.417,2024/06/13 11:36:34.9369,5,938
384.664,2024/06/13 11:36:35.1839,5,938
384.909,2024/06/13 11:36:35.4289,5,938
385.157,2024/06/13 11:36:35.6769,5,938
385.357,2024/06/13 11:36:35.8769,3,960
385.403,2024/06/13 11:36:35.9229,5,938
385.648,2024/06/13 11:36:36.1679,5,938
385.896,2024/06/13 11:36:36.4159,5,938
386.141,2024/06/13 11:36:36.6609,5,938
386.341,2024/06/13 11:36:36.8609,3,882
386.387,2024/06/13 11:36:36.9069,5,938
386.634,2024/06/13 11:36:37.1539,5,923
386.881,2024/06/13 11:36:37.4009,5,923
387.081,2024/06/13 11:36:37.6009,3,947
387.126,2024/06/13 11:36:37.6459,5,923
387.373,2024/06/13 11:36:37.8929,5,923
387.619,2024/06/13 11:36:38.1389,5,923
387.865,2024/06/13 11:36:38.3849,5,923
388.065,2024/06/13 11:36:38.5849,3,974
388.112,2024/06/13 11:36:38.6319,5,923
388.358,2024/06/13 11:36:38.8779,5,923
388.605,2024/06/13 11:36:39.1249,5,923
388.85,2024/06/13 11:36:39.3699,5,923
389.05,2024/06/13 11:36:39.5699,3,889
389.097,2024/06/13 11:36:39.6169,5,923
389.343,2024/06/13 11:36:39.8629,5,923
389.589,2024/06/13 11:36:40.1089,5,922
389.79,2024/06/13 11:36:40.3099,3,950
389.835,2024/06/13 11:36:40.3549,5,923
390.081,2024/06/13 11:36:40.6009,5,923
390.328,2024/06/13 11:36:40.8479,5,923
390.575,2024/06/13 11:36:41.0949,5,923
390.775,2024/06/13 11:36:41.2949,3,956
390.821,2024/06/13 11:36:41.3409,5,923
391.559,2024/06/13 11:36:42.0789,5,923
391.805,2024/06/13 11:36:42.3249,5,923
392.006,2024/06/13 11:36:42.5259,3,899
392.052,2024/06/13 11:36:42.5719,5,923
392.298,2024/06/13 11:36:42.8179,5,923
392.544,2024/06/13 11:36:43.0639,5,938
392.745,2024/06/13 11:36:43.2649,3,974
392.791,2024/06/13 11:36:43.3109,5,938
393.037,2024/06/13 11:36:43.5569,5,938
393.73,2024/06/13 11:36:44.2499,3,1010
394.268,2024/06/13 11:36:44.7879,5,938
394.515,2024/06/13 11:36:45.0349,5,938
394.717,2024/06/13 11:36:45.2369,3,933
394.761,2024/06/13 11:36:45.2809,5,938
395.008,2024/06/13 11:36:45.5279,5,938
395.253,2024/06/13 11:36:45.7729,5,938
395.5,2024/06/13 11:36:46.0199,5,938
395.746,2024/06/13 11:36:46.2659,5,938
395.946,2024/06/13 11:36:46.4659,3,915
395.993,2024/06/13 11:36:46.5129,5,938
396.239,2024/06/13 11:36:46.7589,5,938
396.439,2024/06/13 11:36:46.9589,3,949
396.485,2024/06/13 11:36:47.0049,5,938
397.224,2024/06/13 11:36:47.7439,5,938
397.424,2024/06/13 11:36:47.9439,3,904
397.962,2024/06/13 11:36:48.4819,5,952
398.209,2024/06/13 11:36:48.7289,5,952
398.455,2024/06/13 11:36:48.9749,5,952
398.656,2024/06/13 11:36:49.1759,3,868
398.702,2024/06/13 11:36:49.2219,5,952
398.948,2024/06/13 11:36:49.4679,5,952
399.147,2024/06/13 11:36:49.6669,3,930
399.194,2024/06/13 11:36:49.7139,5,952
399.44,2024/06/13 11:36:49.9599,5,952
399.687,2024/06/13 11:36:50.2069,5,952
399.933,2024/06/13 11:36:50.4529,5,952
400.133,2024/06/13 11:36:50.6529,3,958
400.179,2024/06/13 11:36:50.6989,5,952
400.425,2024/06/13 11:36:50.9449,5,952
400.671,2024/06/13 11:36:51.1909,5,952
400.918,2024/06/13 11:36:51.4379,5,952
401.118,2024/06/13 11:36:51.6379,3,864
401.164,2024/06/13 11:36:51.6839,5,952
401.411,2024/06/13 11:36:51.9309,5,952
401.657,2024/06/13 11:36:52.1769,5,952
401.903,2024/06/13 11:36:52.4229,5,952
402.103,2024/06/13 11:36:52.6229,3,943
402.149,2024/06/13 11:36:52.6689,5,952
402.395,2024/06/13 11:36:52.9149,5,952
402.642,2024/06/13 11:36:53.1619,5,952
402.889,2024/06/13 11:36:53.4089,5,952
403.088,2024/06/13 11:36:53.6079,3,982
403.134,2024/06/13 11:36:53.6539,5,952
403.381,2024/06/13 11:36:53.9009,5,952
403.627,2024/06/13 11:36:54.1469,5,952
403.873,2024/06/13 11:36:54.3929,5,952
404.074,2024/06/13 11:36:54.5939,3,915
404.12,2024/06/13 11:36:54.6399,5,952
404.366,2024/06/13 11:36:54.8859,5,952
404.612,2024/06/13 11:36:55.1319,5,938
404.812,2024/06/13 11:36:55.3319,3,974
404.858,2024/06/13 11:36:55.3779,5,938
405.104,2024/06/13 11:36:55.6239,5,938
405.351,2024/06/13 11:36:55.8709,5,938
405.597,2024/06/13 11:36:56.1169,5,938
405.798,2024/06/13 11:36:56.3179,3,960
405.843,2024/06/13 11:36:56.3629,5,938
406.089,2024/06/13 11:36:56.6089,5,938
406.336,2024/06/13 11:36:56.8559,5,937
406.583,2024/06/13 11:36:57.1029,5,938
406.782,2024/06/13 11:36:57.3019,3,884
406.828,2024/06/13 11:36:57.3479,5,938
407.075,2024/06/13 11:36:57.5949,5,938
407.321,2024/06/13 11:36:57.8409,5,938
407.521,2024/06/13 11:36:58.0409,3,921
407.567,2024/06/13 11:36:58.0869,5,938
407.813,2024/06/13 11:36:58.3329,5,938
408.059,2024/06/13 11:36:58.5789,5,938
408.506,2024/06/13 11:36:59.0259,3,949
408.799,2024/06/13 11:36:59.3189,5,938
409.045,2024/06/13 11:36:59.5649,5,938
409.292,2024/06/13 11:36:59.8119,5,938
409.492,2024/06/13 11:37:00.0119,3,858
409.537,2024/06/13 11:37:00.0569,5,938
409.784,2024/06/13 11:37:00.3039,5,938
410.03,2024/06/13 11:37:00.5499,5,938
410.23,2024/06/13 11:37:00.7499,3,911
410.276,2024/06/13 11:37:00.7959,5,938
410.523,2024/06/13 11:37:01.0429,5,938
410.769,2024/06/13 11:37:01.2889,5,938
411.015,2024/06/13 11:37:01.5349,5,938
411.215,2024/06/13 11:37:01.7349,3,917
411.754,2024/06/13 11:37:02.2739,5,938
412.0,2024/06/13 11:37:02.5199,5,938
412.201,2024/06/13 11:37:02.7209,3,863
412.247,2024/06/13 11:37:02.7669,5,938
412.493,2024/06/13 11:37:03.0129,5,938
413.185,2024/06/13 11:37:03.7049,3,916
413.231,2024/06/13 11:37:03.7509,5,938
413.477,2024/06/13 11:37:03.9969,5,938
413.724,2024/06/13 11:37:04.2439,5,938
413.97,2024/06/13 11:37:04.4899,5,938
414.171,2024/06/13 11:37:04.6909,3,972
414.217,2024/06/13 11:37:04.7369,5,938
414.463,2024/06/13 11:37:04.9829,5,938
414.71,2024/06/13 11:37:05.2299,5,938
414.956,2024/06/13 11:37:05.4759,5,938
415.156,2024/06/13 11:37:05.6759,3,904
415.202,2024/06/13 11:37:05.7219,5,938
415.448,2024/06/13 11:37:05.9679,5,938
415.694,2024/06/13 11:37:06.2139,5,923
415.895,2024/06/13 11:37:06.4149,3,958
415.941,2024/06/13 11:37:06.4609,5,923
416.186,2024/06/13 11:37:06.7059,5,923
416.434,2024/06/13 11:37:06.9539,5,923
416.679,2024/06/13 11:37:07.1989,5,923
416.879,2024/06/13 11:37:07.3989,3,1018
416.926,2024/06/13 11:37:07.4459,5,923
417.172,2024/06/13 11:37:07.6919,5,923
417.418,2024/06/13 11:37:07.9379,5,923
417.664,2024/06/13 11:37:08.1839,5,923
417.864,2024/06/13 11:37:08.3839,3,909
417.911,2024/06/13 11:37:08.4309,5,923
418.157,2024/06/13 11:37:08.6769,5,923
418.403,2024/06/13 11:37:08.9229,5,923
418.603,2024/06/13 11:37:09.1229,3,884
418.649,2024/06/13 11:37:09.1689,5,923
418.896,2024/06/13 11:37:09.4159,5,923
419.142,2024/06/13 11:37:09.6619,5,923
419.389,2024/06/13 11:37:09.9089,5,923
419.589,2024/06/13 11:37:10.1089,3,901
419.635,2024/06/13 11:37:10.1549,5,923
419.881,2024/06/13 11:37:10.4009,5,923
420.127,2024/06/13 11:37:10.6469,5,923
420.328,2024/06/13 11:37:10.8479,3,815
420.374,2024/06/13 11:37:10.8939,5,923
420.62,2024/06/13 11:37:11.1399,5,923
420.866,2024/06/13 11:37:11.3859,5,923
421.112,2024/06/13 11:37:11.6319,5,923
421.312,2024/06/13 11:37:11.8319,3,863
421.359,2024/06/13 11:37:11.8789,5,923
421.605,2024/06/13 11:37:12.1249,5,938
421.851,2024/06/13 11:37:12.3709,5,938
422.297,2024/06/13 11:37:12.8169,3,944
422.591,2024/06/13 11:37:13.1109,5,938
422.837,2024/06/13 11:37:13.3569,5,938
423.083,2024/06/13 11:37:13.6029,5,937
423.283,2024/06/13 11:37:13.8029,3,940
423.328,2024/06/13 11:37:13.8479,5,938
423.576,2024/06/13 11:37:14.0959,5,938
423.822,2024/06/13 11:37:14.3419,5,938
424.022,2024/06/13 11:37:14.5419,3,938
424.068,2024/06/13 11:37:14.5879,5,938
424.314,2024/06/13 11:37:14.8339,5,938
424.561,2024/06/13 11:37:15.0809,5,938
424.761,2024/06/13 11:37:15.2809,3,959
424.807,2024/06/13 11:37:15.3269,5,938
425.545,2024/06/13 11:37:16.0649,5,938
425.745,2024/06/13 11:37:16.2649,3,829
425.791,2024/06/13 11:37:16.3109,5,938
426.038,2024/06/13 11:37:16.5579,5,938
426.285,2024/06/13 11:37:16.8049,5,938
426.53,2024/06/13 11:37:17.0499,5,923
426.73,2024/06/13 11:37:17.2499,3,824
426.776,2024/06/13 11:37:17.2959,5,923
427.023,2024/06/13 11:37:17.5429,5,923
427.27,2024/06/13 11:37:17.7899,5,923
427.515,2024/06/13 11:37:18.0349,5,923
427.715,2024/06/13 11:37:18.2349,3,939
427.762,2024/06/13 11:37:18.2819,5,923
428.009,2024/06/13 11:37:18.5289,5,923
428.255,2024/06/13 11:37:18.7749,5,923
428.501,2024/06/13 11:37:19.0209,5,923
428.7,2024/06/13 11:37:19.2199,3,975
429.24,2024/06/13 11:37:19.7599,5,923
429.486,2024/06/13 11:37:20.0059,5,908
429.685,2024/06/13 11:37:20.2049,3,892
429.732,2024/06/13 11:37:20.2519,5,908
429.979,2024/06/13 11:37:20.4989,5,908
430.224,2024/06/13 11:37:20.7439,5,908
430.47,2024/06/13 11:37:20.9899,5,908
430.671,2024/06/13 11:37:21.1909,3,972
430.717,2024/06/13 11:37:21.2369,5,908
430.963,2024/06/13 11:37:21.4829,5,908
431.21,2024/06/13 11:37:21.7299,5,908
431.456,2024/06/13 11:37:21.9759,5,908
431.655,2024/06/13 11:37:22.1749,3,1015
431.703,2024/06/13 11:37:22.2229,5,908
431.949,2024/06/13 11:37:22.4689,5,908
432.194,2024/06/13 11:37:22.7139,5,908
432.441,2024/06/13 11:37:22.9609,5,908
432.641,2024/06/13 11:37:23.1609,3,940
432.688,2024/06/13 11:37:23.2079,5,908
432.933,2024/06/13 11:37:23.4529,5,908
433.18,2024/06/13 11:37:23.6999,5,908
433.38,2024/06/13 11:37:23.8999,3,954
433.427,2024/06/13 11:37:23.9469,5,908
433.672,2024/06/13 11:37:24.1919,5,923
433.919,2024/06/13 11:37:24.4389,5,923
434.165,2024/06/13 11:37:24.6849,5,923
434.365,2024/06/13 11:37:24.8849,3,966
434.412,2024/06/13 11:37:24.9319,5,923
434.657,2024/06/13 11:37:25.1769,5,923
434.904,2024/06/13 11:37:25.4239,5,923
435.151,2024/06/13 11:37:25.6709,5,923
435.35,2024/06/13 11:37:25.8699,3,882
435.396,2024/06/13 11:37:25.9159,5,923
435.643,2024/06/13 11:37:26.1629,5,923
435.889,2024/06/13 11:37:26.4089,5,923
436.088,2024/06/13 11:37:26.6079,3,901
436.135,2024/06/13 11:37:26.6549,5,923
436.381,2024/06/13 11:37:26.9009,5,923
436.628,2024/06/13 11:37:27.1479,5,938
436.874,2024/06/13 11:37:27.3939,5,938
437.074,2024/06/13 11:37:27.5939,3,951
437.12,2024/06/13 11:37:27.6399,5,938
437.859,2024/06/13 11:37:28.3789,5,938
438.059,2024/06/13 11:37:28.5789,3,923
438.597,2024/06/13 11:37:29.1169,5,952
438.844,2024/06/13 11:37:29.3639,5,952
439.044,2024/06/13 11:37:29.5639,3,920
439.09,2024/06/13 11:37:29.6099,5,952
439.337,2024/06/13 11:37:29.8569,5,952
440.029,2024/06/13 11:37:30.5489,3,972
440.076,2024/06/13 11:37:30.5959,5,952
440.322,2024/06/13 11:37:30.8419,5,951
440.569,2024/06/13 11:37:31.0889,5,952
440.815,2024/06/13 11:37:31.3349,5,952
441.014,2024/06/13 11:37:31.5339,3,972
441.061,2024/06/13 11:37:31.5809,5,952
441.307,2024/06/13 11:37:31.8269,5,952
441.553,2024/06/13 11:37:32.0729,5,952
441.8,2024/06/13 11:37:32.3199,5,952
441.999,2024/06/13 11:37:32.5189,3,910
442.046,2024/06/13 11:37:32.5659,5,952
442.292,2024/06/13 11:37:32.8119,5,952
442.539,2024/06/13 11:37:33.0589,5,938
442.738,2024/06/13 11:37:33.2579,3,991
442.784,2024/06/13 11:37:33.3039,5,938
443.031,2024/06/13 11:37:33.5509,5,938
443.277,2024/06/13 11:37:33.7969,5,938
443.523,2024/06/13 11:37:34.0429,5,938
443.723,2024/06/13 11:37:34.2429,3,1012
443.77,2024/06/13 11:37:34.2899,5,938
444.016,2024/06/13 11:37:34.5359,5,938
444.263,2024/06/13 11:37:34.7829,5,938
444.508,2024/06/13 11:37:35.0279,5,938
444.708,2024/06/13 11:37:35.2279,3,903
444.755,2024/06/13 11:37:35.2749,5,938
445.001,2024/06/13 11:37:35.5209,5,938
445.247,2024/06/13 11:37:35.7669,5,938
445.493,2024/06/13 11:37:36.0129,5,938
445.693,2024/06/13 11:37:36.2129,3,921
445.74,2024/06/13 11:37:36.2599,5,938
445.987,2024/06/13 11:37:36.5069,5,938
446.232,2024/06/13 11:37:36.7519,5,938
446.432,2024/06/13 11:37:36.9519,3,935
446.479,2024/06/13 11:37:36.9989,5,938
446.725,2024/06/13 11:37:37.2449,5,938
446.972,2024/06/13 11:37:37.4919,5,938
447.217,2024/06/13 11:37:37.7369,5,938
447.418,2024/06/13 11:37:37.9379,3,885
447.956,2024/06/13 11:37:38.4759,5,952
448.156,2024/06/13 11:37:38.6759,3,849
448.203,2024/06/13 11:37:38.7229,5,952
448.449,2024/06/13 11:37:38.9689,5,952
448.695,2024/06/13 11:37:39.2149,5,952
448.942,2024/06/13 11:37:39.4619,5,952
449.141,2024/06/13 11:37:39.6609,3,896
449.188,2024/06/13 11:37:39.7079,5,952
449.434,2024/06/13 11:37:39.9539,5,952
450.126,2024/06/13 11:37:40.6459,3,921
450.173,2024/06/13 11:37:40.6929,5,952
450.419,2024/06/13 11:37:40.9389,5,952
450.665,2024/06/13 11:37:41.1849,5,952
450.912,2024/06/13 11:37:41.4319,5,952
451.111,2024/06/13 11:37:41.6309,3,858
451.158,2024/06/13 11:37:41.6779,5,952
451.404,2024/06/13 11:37:41.9239,5,952
451.65,2024/06/13 11:37:42.1699,5,952
451.85,2024/06/13 11:37:42.3699,3,930
451.897,2024/06/13 11:37:42.4169,5,952
452.143,2024/06/13 11:37:42.6629,5,952
452.39,2024/06/13 11:37:42.9099,5,952
452.635,2024/06/13 11:37:43.1549,5,938
452.836,2024/06/13 11:37:43.3559,3,957
452.882,2024/06/13 11:37:43.4019,5,938
453.129,2024/06/13 11:37:43.6489,5,938
453.374,2024/06/13 11:37:43.8939,5,938
453.62,2024/06/13 11:37:44.1399,5,938
453.821,2024/06/13 11:37:44.3409,3,888
453.867,2024/06/13 11:37:44.3869,5,938
454.559,2024/06/13 11:37:45.0789,3,899
454.606,2024/06/13 11:37:45.1259,5,923
454.852,2024/06/13 11:37:45.3719,5,923
455.098,2024/06/13 11:37:45.6179,5,923
455.345,2024/06/13 11:37:45.8649,5,923
455.544,2024/06/13 11:37:46.0639,3,948
455.591,2024/06/13 11:37:46.1109,5,923
455.837,2024/06/13 11:37:46.3569,5,923
456.084,2024/06/13 11:37:46.6039,5,923
456.33,2024/06/13 11:37:46.8499,5,923
456.529,2024/06/13 11:37:47.0489,3,916
456.576,2024/06/13 11:37:47.0959,5,908
456.822,2024/06/13 11:37:47.3419,5,908
457.069,2024/06/13 11:37:47.5889,5,907
457.268,2024/06/13 11:37:47.7879,3,861
457.315,2024/06/13 11:37:47.8349,5,908
457.561,2024/06/13 11:37:48.0809,5,908
457.807,2024/06/13 11:37:48.3269,5,908
458.054,2024/06/13 11:37:48.5739,5,908
458.254,2024/06/13 11:37:48.7739,3,915
458.3,2024/06/13 11:37:48.8199,5,908
458.547,2024/06/13 11:37:49.0669,5,908
458.792,2024/06/13 11:37:49.3119,5,908
458.992,2024/06/13 11:37:49.5119,3,919
459.039,2024/06/13 11:37:49.5589,5,908
459.285,2024/06/13 11:37:49.8049,5,908
459.532,2024/06/13 11:37:50.0519,5,908
459.777,2024/06/13 11:37:50.2969,5,908
459.977,2024/06/13 11:37:50.4969,3,835
460.024,2024/06/13 11:37:50.5439,5,908
460.27,2024/06/13 11:37:50.7899,5,908
460.516,2024/06/13 11:37:51.0359,5,923
460.716,2024/06/13 11:37:51.2359,3,860
460.762,2024/06/13 11:37:51.2819,5,923
461.009,2024/06/13 11:37:51.5289,5,923
461.256,2024/06/13 11:37:51.7759,5,923
461.502,2024/06/13 11:37:52.0219,5,923
461.748,2024/06/13 11:37:52.2679,5,923
461.947,2024/06/13 11:37:52.4669,3,896
461.994,2024/06/13 11:37:52.5139,5,923
462.24,2024/06/13 11:37:52.7599,5,923
462.486,2024/06/13 11:37:53.0059,5,923
462.686,2024/06/13 11:37:53.2059,3,858
462.733,2024/06/13 11:37:53.2529,5,923
462.98,2024/06/13 11:37:53.4999,5,923
463.671,2024/06/13 11:37:54.1909,3,919
463.964,2024/06/13 11:37:54.4839,5,923
464.21,2024/06/13 11:37:54.7299,5,923
464.457,2024/06/13 11:37:54.9769,5,923
464.656,2024/06/13 11:37:55.1759,3,979
464.704,2024/06/13 11:37:55.2239,5,908
464.95,2024/06/13 11:37:55.4699,5,908
465.196,2024/06/13 11:37:55.7159,5,908
465.442,2024/06/13 11:37:55.9619,5,908
465.642,2024/06/13 11:37:56.1619,3,932
465.689,2024/06/13 11:37:56.2089,5,908
465.935,2024/06/13 11:37:56.4549,5,908
466.181,2024/06/13 11:37:56.7009,5,908
466.627,2024/06/13 11:37:57.1469,3,1013
466.919,2024/06/13 11:37:57.4389,5,908
467.166,2024/06/13 11:37:57.6859,5,908
467.412,2024/06/13 11:37:57.9319,5,908
467.611,2024/06/13 11:37:58.1309,3,1028
467.658,2024/06/13 11:37:58.1779,5,908
467.905,2024/06/13 11:37:58.4249,5,908
468.597,2024/06/13 11:37:59.1169,3,965
469.137,2024/06/13 11:37:59.6569,5,908
469.581,2024/06/13 11:38:00.1009,3,1012
469.876,2024/06/13 11:38:00.3959,5,908
470.567,2024/06/13 11:38:01.0869,3,1002
470.613,2024/06/13 11:38:01.1329,5,908
470.86,2024/06/13 11:38:01.3799,5,908
471.107,2024/06/13 11:38:01.6269,5,908
471.352,2024/06/13 11:38:01.8719,5,908
471.599,2024/06/13 11:38:02.1189,5,938
471.798,2024/06/13 11:38:02.3179,3,895
471.846,2024/06/13 11:38:02.3659,5,938
472.092,2024/06/13 11:38:02.6119,5,938
472.337,2024/06/13 11:38:02.8569,5,938
472.537,2024/06/13 11:38:03.0569,3,938
472.584,2024/06/13 11:38:03.1039,5,952
472.831,2024/06/13 11:38:03.3509,5,952
473.522,2024/06/13 11:38:04.0419,3,1018
473.569,2024/06/13 11:38:04.0889,5,952
473.816,2024/06/13 11:38:04.3359,5,952
474.062,2024/06/13 11:38:04.5819,5,951
474.308,2024/06/13 11:38:04.8279,5,952
474.507,2024/06/13 11:38:05.0269,3,1019
474.554,2024/06/13 11:38:05.0739,5,967
474.801,2024/06/13 11:38:05.3209,5,967
475.047,2024/06/13 11:38:05.5669,5,967
475.293,2024/06/13 11:38:05.8129,5,967
475.493,2024/06/13 11:38:06.0129,3,974
475.539,2024/06/13 11:38:06.0589,5,983
476.278,2024/06/13 11:38:06.7979,5,983
476.478,2024/06/13 11:38:06.9979,3,1026
476.524,2024/06/13 11:38:07.0439,5,1000
476.771,2024/06/13 11:38:07.2909,5,1000
476.97,2024/06/13 11:38:07.4899,3,1053
477.017,2024/06/13 11:38:07.5369,5,1000
477.263,2024/06/13 11:38:07.7829,5,1000
477.462,2024/06/13 11:38:07.9819,3,970
477.51,2024/06/13 11:38:08.0299,5,1000
477.756,2024/06/13 11:38:08.2759,5,1000
478.002,2024/06/13 11:38:08.5219,5,1000
478.248,2024/06/13 11:38:08.7679,5,1000
478.448,2024/06/13 11:38:08.9679,3,478
478.495,2024/06/13 11:38:09.0149,5,1000
479.236,2024/06/13 11:38:09.7559,5,1000
479.433,2024/06/13 11:38:09.9529,3,516
479.972,2024/06/13 11:38:10.4919,5,1000
480.218,2024/06/13 11:38:10.7379,5,1000
480.418,2024/06/13 11:38:10.9379,3,905
480.465,2024/06/13 11:38:10.9849,5,1000
480.711,2024/06/13 11:38:11.2309,5,1000
480.958,2024/06/13 11:38:11.4779,5,1000
481.204,2024/06/13 11:38:11.7239,5,1000
481.402,2024/06/13 11:38:11.9219,3,908
481.45,2024/06/13 11:38:11.9699,5,1000
481.696,2024/06/13 11:38:12.2159,5,1000
481.942,2024/06/13 11:38:12.4619,5,1000
482.188,2024/06/13 11:38:12.7079,5,1000
482.435,2024/06/13 11:38:12.9549,5,1000
482.634,2024/06/13 11:38:13.1539,3,1044
482.681,2024/06/13 11:38:13.2009,5,1000
482.928,2024/06/13 11:38:13.4479,5,1000
483.174,2024/06/13 11:38:13.6939,5,1000
483.42,2024/06/13 11:38:13.9399,5,1000
483.62,2024/06/13 11:38:14.1399,3,1050
483.666,2024/06/13 11:38:14.1859,5,1000
483.912,2024/06/13 11:38:14.4319,5,1000
484.159,2024/06/13 11:38:14.6789,5,1000
484.406,2024/06/13 11:38:14.9259,5,1000
484.605,2024/06/13 11:38:15.1249,3,1020
484.652,2024/06/13 11:38:15.1719,5,1000
484.898,2024/06/13 11:38:15.4179,5,1000
485.144,2024/06/13 11:38:15.6639,5,1000
485.343,2024/06/13 11:38:15.8629,3,1052
485.39,2024/06/13 11:38:15.9099,5,1000
485.636,2024/06/13 11:38:16.1559,5,1000
485.882,2024/06/13 11:38:16.4019,5,1000
486.129,2024/06/13 11:38:16.6489,5,1000
486.329,2024/06/13 11:38:16.8489,3,992
486.375,2024/06/13 11:38:16.8949,5,1000
486.622,2024/06/13 11:38:17.1419,5,1000
486.868,2024/06/13 11:38:17.3879,5,1000
487.114,2024/06/13 11:38:17.6339,5,1000
487.313,2024/06/13 11:38:17.8329,3,904
487.853,2024/06/13 11:38:18.3729,5,1000
488.052,2024/06/13 11:38:18.5719,3,946
488.099,2024/06/13 11:38:18.6189,5,1000
488.345,2024/06/13 11:38:18.8649,5,1000
488.592,2024/06/13 11:38:19.1119,5,1000
488.839,2024/06/13 11:38:19.3589,5,1000
489.037,2024/06/13 11:38:19.5569,3,937
489.084,2024/06/13 11:38:19.6039,5,1000
489.823,2024/06/13 11:38:20.3429,5,1000
490.022,2024/06/13 11:38:20.5419,3,857
490.07,2024/06/13 11:38:20.5899,5,999
490.316,2024/06/13 11:38:20.8359,5,1000
490.562,2024/06/13 11:38:21.0819,5,1000
490.809,2024/06/13 11:38:21.3289,5,1000
491.007,2024/06/13 11:38:21.5269,3,924
491.055,2024/06/13 11:38:21.5749,5,1000
491.793,2024/06/13 11:38:22.3129,5,1000
491.992,2024/06/13 11:38:22.5119,3,979
492.039,2024/06/13 11:38:22.5589,5,1000
492.286,2024/06/13 11:38:22.8059,5,1000
492.977,2024/06/13 11:38:23.4969,3,920
493.518,2024/06/13 11:38:24.0379,5,1000
493.764,2024/06/13 11:38:24.2839,5,1000
493.962,2024/06/13 11:38:24.4819,3,974
494.01,2024/06/13 11:38:24.5299,5,1000
494.256,2024/06/13 11:38:24.7759,5,1000
494.502,2024/06/13 11:38:25.0219,5,1000
494.702,2024/06/13 11:38:25.2219,3,961
495.241,2024/06/13 11:38:25.7609,5,1000
495.488,2024/06/13 11:38:26.0079,5,983
495.687,2024/06/13 11:38:26.2069,3,911
495.733,2024/06/13 11:38:26.2529,5,983
495.98,2024/06/13 11:38:26.4999,5,983
496.226,2024/06/13 11:38:26.7459,5,983
496.473,2024/06/13 11:38:26.9929,5,983
496.671,2024/06/13 11:38:27.1909,3,990
496.719,2024/06/13 11:38:27.2389,5,983
496.965,2024/06/13 11:38:27.4849,5,983
497.212,2024/06/13 11:38:27.7319,5,983
497.457,2024/06/13 11:38:27.9769,5,983
497.656,2024/06/13 11:38:28.1759,3,999
497.705,2024/06/13 11:38:28.2249,5,983
497.95,2024/06/13 11:38:28.4699,5,983
498.197,2024/06/13 11:38:28.7169,5,983
498.443,2024/06/13 11:38:28.9629,5,983
498.641,2024/06/13 11:38:29.1609,3,920
498.689,2024/06/13 11:38:29.2089,5,983
498.935,2024/06/13 11:38:29.4549,5,983
499.182,2024/06/13 11:38:29.7019,5,983
499.381,2024/06/13 11:38:29.9009,3,948
499.428,2024/06/13 11:38:29.9479,5,983
499.674,2024/06/13 11:38:30.1939,5,983
499.92,2024/06/13 11:38:30.4399,5,983
500.167,2024/06/13 11:38:30.6869,5,983
500.366,2024/06/13 11:38:30.8859,3,927
500.413,2024/06/13 11:38:30.9329,5,983
500.659,2024/06/13 11:38:31.1789,5,983
500.905,2024/06/13 11:38:31.4249,5,983
501.351,2024/06/13 11:38:31.8709,3,869
501.644,2024/06/13 11:38:32.1639,5,967
501.891,2024/06/13 11:38:32.4109,5,967
502.137,2024/06/13 11:38:32.6569,5,967
502.336,2024/06/13 11:38:32.8559,3,919
502.384,2024/06/13 11:38:32.9039,5,967
502.63,2024/06/13 11:38:33.1499,5,967
502.876,2024/06/13 11:38:33.3959,5,967
503.122,2024/06/13 11:38:33.6419,5,967
503.369,2024/06/13 11:38:33.8889,5,967
503.567,2024/06/13 11:38:34.0869,3,960
503.614,2024/06/13 11:38:34.1339,5,967
503.861,2024/06/13 11:38:34.3809,5,967
504.107,2024/06/13 11:38:34.6269,5,967
504.306,2024/06/13 11:38:34.8259,3,894
504.353,2024/06/13 11:38:34.8729,5,967
504.6,2024/06/13 11:38:35.1199,5,967
504.846,2024/06/13 11:38:35.3659,5,967
505.044,2024/06/13 11:38:35.5639,3,960
505.092,2024/06/13 11:38:35.6119,5,967
505.338,2024/06/13 11:38:35.8579,5,967
505.585,2024/06/13 11:38:36.1049,5,967
505.831,2024/06/13 11:38:36.3509,5,967
506.03,2024/06/13 11:38:36.5499,3,980
506.077,2024/06/13 11:38:36.5969,5,966
506.324,2024/06/13 11:38:36.8439,5,967
506.57,2024/06/13 11:38:37.0899,5,967
506.816,2024/06/13 11:38:37.3359,5,967
507.015,2024/06/13 11:38:37.5349,3,877
507.062,2024/06/13 11:38:37.5819,5,967
507.309,2024/06/13 11:38:37.8289,5,967
507.555,2024/06/13 11:38:38.0749,5,967
507.754,2024/06/13 11:38:38.2739,3,924
508.294,2024/06/13 11:38:38.8139,5,967
508.54,2024/06/13 11:38:39.0599,5,967
508.739,2024/06/13 11:38:39.2589,3,917
508.786,2024/06/13 11:38:39.3059,5,967
509.033,2024/06/13 11:38:39.5529,5,967
509.279,2024/06/13 11:38:39.7989,5,967
509.725,2024/06/13 11:38:40.2449,3,851
510.018,2024/06/13 11:38:40.5379,5,967
510.265,2024/06/13 11:38:40.7849,5,967
510.511,2024/06/13 11:38:41.0309,5,967
510.709,2024/06/13 11:38:41.2289,3,932
511.25,2024/06/13 11:38:41.7699,5,967
511.448,2024/06/13 11:38:41.9679,3,970
511.496,2024/06/13 11:38:42.0159,5,967
511.741,2024/06/13 11:38:42.2609,5,967
511.988,2024/06/13 11:38:42.5079,5,967
512.234,2024/06/13 11:38:42.7539,5,967
512.48,2024/06/13 11:38:42.9999,5,967
512.679,2024/06/13 11:38:43.1989,3,933
512.727,2024/06/13 11:38:43.2469,5,967
512.973,2024/06/13 11:38:43.4929,5,967
513.219,2024/06/13 11:38:43.7389,5,967
513.465,2024/06/13 11:38:43.9849,5,967
513.664,2024/06/13 11:38:44.1839,3,981
513.712,2024/06/13 11:38:44.2319,5,952
513.959,2024/06/13 11:38:44.4789,5,952
514.204,2024/06/13 11:38:44.7239,5,952
514.403,2024/06/13 11:38:44.9229,3,1020
514.45,2024/06/13 11:38:44.9699,5,952
514.697,2024/06/13 11:38:45.2169,5,952
514.943,2024/06/13 11:38:45.4629,5,952
515.189,2024/06/13 11:38:45.7089,5,952
515.438,2024/06/13 11:38:45.9579,5,952
515.683,2024/06/13 11:38:46.2029,5,952
515.88,2024/06/13 11:38:46.3999,3,946
515.928,2024/06/13 11:38:46.4479,5,952
516.175,2024/06/13 11:38:46.6949,5,952
516.373,2024/06/13 11:38:46.8929,3,1000
516.421,2024/06/13 11:38:46.9409,5,952
516.667,2024/06/13 11:38:47.1869,5,952
516.913,2024/06/13 11:38:47.4329,5,952
517.16,2024/06/13 11:38:47.6799,5,952
517.358,2024/06/13 11:38:47.8779,3,1005
517.406,2024/06/13 11:38:47.9259,5,952
517.652,2024/06/13 11:38:48.1719,5,952
517.899,2024/06/13 11:38:48.4189,5,952
518.145,2024/06/13 11:38:48.6649,5,952
518.344,2024/06/13 11:38:48.8639,3,910
518.391,2024/06/13 11:38:48.9109,5,952
518.637,2024/06/13 11:38:49.1569,5,952
518.884,2024/06/13 11:38:49.4039,5,952
519.13,2024/06/13 11:38:49.6499,5,952
519.328,2024/06/13 11:38:49.8479,3,969
519.377,2024/06/13 11:38:49.8969,5,952
519.622,2024/06/13 11:38:50.1419,5,952
519.869,2024/06/13 11:38:50.3889,5,952
520.314,2024/06/13 11:38:50.8339,3,1004
520.608,2024/06/13 11:38:51.1279,5,952
520.854,2024/06/13 11:38:51.3739,5,952
521.1,2024/06/13 11:38:51.6199,5,952
521.298,2024/06/13 11:38:51.8179,3,939
521.347,2024/06/13 11:38:51.8669,5,952
521.593,2024/06/13 11:38:52.1129,5,952
521.839,2024/06/13 11:38:52.3589,5,952
522.085,2024/06/13 11:38:52.6049,5,952
522.284,2024/06/13 11:38:52.8039,3,939
522.824,2024/06/13 11:38:53.3439,5,952
523.023,2024/06/13 11:38:53.5429,3,943
523.761,2024/06/13 11:38:54.2809,3,905
524.302,2024/06/13 11:38:54.8219,5,967
524.501,2024/06/13 11:38:55.0209,3,799
524.548,2024/06/13 11:38:55.0679,5,967
524.795,2024/06/13 11:38:55.3149,5,967
525.041,2024/06/13 11:38:55.5609,5,967
525.287,2024/06/13 11:38:55.8069,5,967
525.485,2024/06/13 11:38:56.0049,3,778
525.533,2024/06/13 11:38:56.0529,5,967
525.78,2024/06/13 11:38:56.2999,5,967
526.026,2024/06/13 11:38:56.5459,5,967
526.224,2024/06/13 11:38:56.7439,3,851
526.272,2024/06/13 11:38:56.7919,5,967
526.518,2024/06/13 11:38:57.0379,5,967
526.764,2024/06/13 11:38:57.2839,5,967
526.963,2024/06/13 11:38:57.4829,3,836
527.011,2024/06/13 11:38:57.5309,5,967
527.258,2024/06/13 11:38:57.7779,5,967
527.503,2024/06/13 11:38:58.0229,5,967
527.701,2024/06/13 11:38:58.2209,3,826
527.749,2024/06/13 11:38:58.2689,5,967
527.996,2024/06/13 11:38:58.5159,5,967
528.441,2024/06/13 11:38:58.9609,3,755
528.735,2024/06/13 11:38:59.2549,5,967
528.981,2024/06/13 11:38:59.5009,5,967
529.179,2024/06/13 11:38:59.6989,3,706
529.227,2024/06/13 11:38:59.7469,5,967
529.474,2024/06/13 11:38:59.9939,5,967
529.72,2024/06/13 11:39:00.2399,5,967
529.966,2024/06/13 11:39:00.4859,5,967
530.165,2024/06/13 11:39:00.6849,3,721
530.213,2024/06/13 11:39:00.7329,5,967
530.458,2024/06/13 11:39:00.9779,5,967
530.705,2024/06/13 11:39:01.2249,5,967
530.951,2024/06/13 11:39:01.4709,5,967
531.15,2024/06/13 11:39:01.6699,3,750
531.198,2024/06/13 11:39:01.7179,5,967
531.936,2024/06/13 11:39:02.4559,5,967
532.134,2024/06/13 11:39:02.6539,3,940
532.675,2024/06/13 11:39:03.1949,5,967
532.922,2024/06/13 11:39:03.4419,5,967
533.12,2024/06/13 11:39:03.6399,3,1036
533.167,2024/06/13 11:39:03.6869,5,967
533.413,2024/06/13 11:39:03.9329,5,967
533.66,2024/06/13 11:39:04.1799,5,967
533.859,2024/06/13 11:39:04.3789,3,1019
533.907,2024/06/13 11:39:04.4269,5,967
534.153,2024/06/13 11:39:04.6729,5,967
534.399,2024/06/13 11:39:04.9189,5,967
534.645,2024/06/13 11:39:05.1649,5,967
534.844,2024/06/13 11:39:05.3639,3,922
534.892,2024/06/13 11:39:05.4119,5,967
